run_id,d,density,n_samples,epsilon,delta,k,ds,dp,bic_score,is_true_at_k,found_true_by_k,graph_seed,noise_seed,frontier_size,status,error_message
0,10,0.4,20,2,2,1,17,6,-71.69555471180516,0,0,3653403230,2735729614,1,ok,
0,10,0.4,20,2,2,2,15,7,-64.92080884994995,0,0,3653403230,2735729614,2,ok,
0,10,0.4,20,2,2,3,15,7,-59.65304686403178,0,0,3653403230,2735729614,3,ok,
0,10,0.4,20,2,2,4,15,9,-55.804076885832586,0,0,3653403230,2735729614,4,ok,
0,10,0.4,20,2,2,5,13,9,-53.22957711607147,0,0,3653403230,2735729614,5,ok,
0,10,0.4,20,2,2,6,13,9,-51.14870215216027,0,0,3653403230,2735729614,6,ok,
0,10,0.4,20,2,2,7,11,9,-50.17377815059237,0,0,3653403230,2735729614,7,ok,
0,10,0.4,20,2,2,8,11,9,-49.55957849021064,0,0,3653403230,2735729614,8,ok,
0,10,0.4,20,2,2,9,13,9,-49.12524963377089,0,0,3653403230,2735729614,9,ok,
0,10,0.4,20,2,2,10,15,10,-48.30119248678679,0,0,3653403230,2735729614,10,ok,
1,10,0.4,20,2,2,1,12,5,-32.24510097419514,0,0,2195314464,1158725111,1,ok,
1,10,0.4,20,2,2,2,12,6,-27.26146398194583,0,0,2195314464,1158725111,2,ok,
1,10,0.4,20,2,2,3,12,6,-26.00903119324716,0,0,2195314464,1158725111,3,ok,
1,10,0.4,20,2,2,4,12,7,-24.956850080220903,0,0,2195314464,1158725111,4,ok,
1,10,0.4,20,2,2,5,11,7,-24.860101755253375,0,0,2195314464,1158725111,5,ok,
1,10,0.4,20,2,2,6,9,9,-24.826184020366235,0,0,2195314464,1158725111,6,ok,
1,10,0.4,20,2,2,7,10,9,-23.755388076165985,0,0,2195314464,1158725111,7,ok,
1,10,0.4,20,2,2,8,8,6,-23.787812749666106,0,0,2195314464,1158725111,8,ok,
1,10,0.4,20,2,2,9,6,2,-23.166409620359467,0,0,2195314464,1158725111,9,ok,
1,10,0.4,20,2,2,10,6,2,-23.166409620359453,0,0,2195314464,1158725111,10,ok,
2,10,0.4,20,2,2,1,9,4,-18.324055213104,0,0,1322117303,175979944,1,ok,
2,10,0.4,20,2,2,2,9,4,-12.732558003170087,0,0,1322117303,175979944,2,ok,
2,10,0.4,20,2,2,3,11,5,-8.496168061074581,0,0,1322117303,175979944,3,ok,
2,10,0.4,20,2,2,4,13,6,-5.441118248350922,0,0,1322117303,175979944,4,ok,
2,10,0.4,20,2,2,5,13,6,-3.2327674037696967,0,0,1322117303,175979944,5,ok,
2,10,0.4,20,2,2,6,14,6,-2.3507526803606202,0,0,1322117303,175979944,6,ok,
2,10,0.4,20,2,2,7,13,6,-2.651982529822418,0,0,1322117303,175979944,7,ok,
2,10,0.4,20,2,2,8,16,6,-2.681694249747218,0,0,1322117303,175979944,8,ok,
2,10,0.4,20,2,2,9,15,6,-2.7510938766131074,0,0,1322117303,175979944,9,ok,
2,10,0.4,20,2,2,10,14,7,-2.8325277714675954,0,0,1322117303,175979944,10,ok,
3,10,0.4,20,2,2,1,12,2,-72.8131893992137,0,0,323153948,70985653,1,ok,
3,10,0.4,20,2,2,2,10,2,-63.26450753684229,0,0,323153948,70985653,2,ok,
3,10,0.4,20,2,2,3,10,2,-52.736012789198526,0,0,323153948,70985653,3,ok,
3,10,0.4,20,2,2,4,10,2,-50.049666859387074,0,0,323153948,70985653,4,ok,
3,10,0.4,20,2,2,5,10,3,-49.5571359049751,0,0,323153948,70985653,5,ok,
3,10,0.4,20,2,2,6,10,4,-49.20377751459213,0,0,323153948,70985653,6,ok,
3,10,0.4,20,2,2,7,10,4,-48.85217992620434,0,0,323153948,70985653,7,ok,
3,10,0.4,20,2,2,8,11,4,-48.8463933662168,0,0,323153948,70985653,8,ok,
3,10,0.4,20,2,2,9,10,3,-48.85217992620434,0,0,323153948,70985653,9,ok,
3,10,0.4,20,2,2,10,12,4,-48.96162278457555,0,0,323153948,70985653,10,ok,
4,10,0.4,20,2,2,1,10,1,-88.59330433651436,0,0,752767290,3492969079,1,ok,
4,10,0.4,20,2,2,2,10,1,-78.9516740491859,0,0,752767290,3492969079,2,ok,
4,10,0.4,20,2,2,3,8,2,-70.58309028189684,0,0,752767290,3492969079,3,ok,
4,10,0.4,20,2,2,4,6,1,-63.458499677637285,0,0,752767290,3492969079,4,ok,
4,10,0.4,20,2,2,5,4,2,-59.32793585073314,0,0,752767290,3492969079,5,ok,
4,10,0.4,20,2,2,6,6,2,-57.68923863217382,0,0,752767290,3492969079,6,ok,
4,10,0.4,20,2,2,7,8,2,-57.46996901778326,0,0,752767290,3492969079,7,ok,
4,10,0.4,20,2,2,8,9,2,-57.343940167077335,0,0,752767290,3492969079,8,ok,
4,10,0.4,20,2,2,9,9,2,-57.48222511517144,0,0,752767290,3492969079,9,ok,
4,10,0.4,20,2,2,10,9,2,-57.51482800113341,0,0,752767290,3492969079,10,ok,
5,10,0.4,20,2,2,1,12,1,-86.72139342070724,0,0,2789219405,3920255352,1,ok,
5,10,0.4,20,2,2,2,10,2,-57.43852707214236,0,0,2789219405,3920255352,2,ok,
5,10,0.4,20,2,2,3,10,4,-46.814551444727215,0,0,2789219405,3920255352,3,ok,
5,10,0.4,20,2,2,4,10,4,-42.349753506298626,0,0,2789219405,3920255352,4,ok,
5,10,0.4,20,2,2,5,8,5,-41.40352229693887,0,0,2789219405,3920255352,5,ok,
5,10,0.4,20,2,2,6,8,4,-40.89863820049755,0,0,2789219405,3920255352,6,ok,
5,10,0.4,20,2,2,7,9,5,-40.66959527599262,0,0,2789219405,3920255352,7,ok,
5,10,0.4,20,2,2,8,9,4,-40.66959527599262,0,0,2789219405,3920255352,8,ok,
5,10,0.4,20,2,2,9,9,5,-40.66959527599263,0,0,2789219405,3920255352,9,ok,
5,10,0.4,20,2,2,10,7,3,-40.695547271220285,0,0,2789219405,3920255352,10,ok,
6,10,0.4,20,2,2,1,11,1,-95.64159575535017,0,0,2163061374,2605480816,1,ok,
6,10,0.4,20,2,2,2,9,3,-75.36107954690831,0,0,2163061374,2605480816,2,ok,
6,10,0.4,20,2,2,3,7,4,-69.69017660046839,0,0,2163061374,2605480816,3,ok,
6,10,0.4,20,2,2,4,7,4,-67.70327649955816,0,0,2163061374,2605480816,4,ok,
6,10,0.4,20,2,2,5,8,4,-67.37011683283241,0,0,2163061374,2605480816,5,ok,
6,10,0.4,20,2,2,6,8,3,-67.37011683283241,0,0,2163061374,2605480816,6,ok,
6,10,0.4,20,2,2,7,8,2,-67.37011683283241,0,0,2163061374,2605480816,7,ok,
6,10,0.4,20,2,2,8,8,3,-67.37011683283242,0,0,2163061374,2605480816,8,ok,
6,10,0.4,20,2,2,9,9,4,-67.41150897639983,0,0,2163061374,2605480816,9,ok,
6,10,0.4,20,2,2,10,9,3,-67.41150897639983,0,0,2163061374,2605480816,10,ok,
7,10,0.4,20,2,2,1,13,1,-55.53081974171488,0,0,4169308740,3133163870,1,ok,
7,10,0.4,20,2,2,2,11,1,-46.568054473146205,0,0,4169308740,3133163870,2,ok,
7,10,0.4,20,2,2,3,9,2,-39.83106886628129,0,0,4169308740,3133163870,3,ok,
7,10,0.4,20,2,2,4,11,2,-35.082256926216665,0,0,4169308740,3133163870,4,ok,
7,10,0.4,20,2,2,5,13,3,-30.565451388723595,0,0,4169308740,3133163870,5,ok,
7,10,0.4,20,2,2,6,15,3,-26.439358366843827,0,0,4169308740,3133163870,6,ok,
7,10,0.4,20,2,2,7,15,3,-23.148904610865273,0,0,4169308740,3133163870,7,ok,
7,10,0.4,20,2,2,8,16,3,-22.495283408850277,0,0,4169308740,3133163870,8,ok,
7,10,0.4,20,2,2,9,16,3,-22.643065619779357,0,0,4169308740,3133163870,9,ok,
7,10,0.4,20,2,2,10,16,3,-22.89899588709683,0,0,4169308740,3133163870,10,ok,
8,10,0.4,20,2,2,1,15,8,-84.28088010748812,0,0,2715582398,2334851558,1,ok,
8,10,0.4,20,2,2,2,15,10,-65.05662114665844,0,0,2715582398,2334851558,2,ok,
8,10,0.4,20,2,2,3,17,9,-60.60224278324496,0,0,2715582398,2334851558,3,ok,
8,10,0.4,20,2,2,4,17,10,-57.29888050501416,0,0,2715582398,2334851558,4,ok,
8,10,0.4,20,2,2,5,19,10,-53.53752886301105,0,0,2715582398,2334851558,5,ok,
8,10,0.4,20,2,2,6,20,10,-52.98020731335723,0,0,2715582398,2334851558,6,ok,
8,10,0.4,20,2,2,7,20,11,-53.17785913825032,0,0,2715582398,2334851558,7,ok,
8,10,0.4,20,2,2,8,20,10,-53.418616538133804,0,0,2715582398,2334851558,8,ok,
8,10,0.4,20,2,2,9,21,10,-53.52952255320209,0,0,2715582398,2334851558,9,ok,
8,10,0.4,20,2,2,10,21,10,-53.615629540147125,0,0,2715582398,2334851558,10,ok,
9,10,0.4,20,2,2,1,12,2,-48.67625550959937,0,0,2404827116,4016105478,1,ok,
9,10,0.4,20,2,2,2,10,2,-39.49727060650946,0,0,2404827116,4016105478,2,ok,
9,10,0.4,20,2,2,3,8,2,-33.77375310848011,0,0,2404827116,4016105478,3,ok,
9,10,0.4,20,2,2,4,6,3,-27.690364409453935,0,0,2404827116,4016105478,4,ok,
9,10,0.4,20,2,2,5,4,4,-23.429594259043967,0,0,2404827116,4016105478,5,ok,
9,10,0.4,20,2,2,6,6,4,-22.202246214511742,0,0,2404827116,4016105478,6,ok,
9,10,0.4,20,2,2,7,6,5,-21.62502371734491,0,0,2404827116,4016105478,7,ok,
9,10,0.4,20,2,2,8,8,5,-20.120992262890873,0,0,2404827116,4016105478,8,ok,
9,10,0.4,20,2,2,9,7,5,-20.220096241165784,0,0,2404827116,4016105478,9,ok,
9,10,0.4,20,2,2,10,7,6,-19.398112401233853,0,0,2404827116,4016105478,10,ok,
10,10,0.4,20,2,2,1,12,2,-77.58656080386733,0,0,1191196491,3504064332,1,ok,
10,10,0.4,20,2,2,2,10,2,-55.84012129115558,0,0,1191196491,3504064332,2,ok,
10,10,0.4,20,2,2,3,10,2,-51.25469894067399,0,0,1191196491,3504064332,3,ok,
10,10,0.4,20,2,2,4,8,3,-48.16635279501665,0,0,1191196491,3504064332,4,ok,
10,10,0.4,20,2,2,5,8,4,-46.501605762683525,0,0,1191196491,3504064332,5,ok,
10,10,0.4,20,2,2,6,10,6,-45.730188180313,0,0,1191196491,3504064332,6,ok,
10,10,0.4,20,2,2,7,11,8,-45.15522929924791,0,0,1191196491,3504064332,7,ok,
10,10,0.4,20,2,2,8,11,9,-45.06673070388141,0,0,1191196491,3504064332,8,ok,
10,10,0.4,20,2,2,9,11,11,-45.066730703881426,0,0,1191196491,3504064332,9,ok,
10,10,0.4,20,2,2,10,12,11,-45.05971051267284,0,0,1191196491,3504064332,10,ok,
11,10,0.4,20,2,2,1,11,2,-84.37238564212313,0,0,2881392815,11761767,1,ok,
11,10,0.4,20,2,2,2,9,3,-78.11563244971003,0,0,2881392815,11761767,2,ok,
11,10,0.4,20,2,2,3,11,3,-75.26779883702932,0,0,2881392815,11761767,3,ok,
11,10,0.4,20,2,2,4,9,4,-73.41052828663797,0,0,2881392815,11761767,4,ok,
11,10,0.4,20,2,2,5,7,3,-71.39413620269607,0,0,2881392815,11761767,5,ok,
11,10,0.4,20,2,2,6,9,3,-71.02060779186999,0,0,2881392815,11761767,6,ok,
11,10,0.4,20,2,2,7,11,4,-70.98977287267178,0,0,2881392815,11761767,7,ok,
11,10,0.4,20,2,2,8,11,6,-71.351296547933,0,0,2881392815,11761767,8,ok,
11,10,0.4,20,2,2,9,11,5,-71.351296547933,0,0,2881392815,11761767,9,ok,
11,10,0.4,20,2,2,10,11,5,-71.351296547933,0,0,2881392815,11761767,10,ok,
12,10,0.4,20,2,2,1,11,5,-101.8111326174608,0,0,1692857839,3682523326,1,ok,
12,10,0.4,20,2,2,2,9,6,-79.671927149174,0,0,1692857839,3682523326,2,ok,
12,10,0.4,20,2,2,3,7,4,-68.69539894555894,0,0,1692857839,3682523326,3,ok,
12,10,0.4,20,2,2,4,5,2,-63.220055407578926,0,0,1692857839,3682523326,4,ok,
12,10,0.4,20,2,2,5,3,1,-61.71729708165097,0,0,1692857839,3682523326,5,ok,
12,10,0.4,20,2,2,6,3,1,-60.588733467049536,0,0,1692857839,3682523326,6,ok,
12,10,0.4,20,2,2,7,1,0,-60.34780933553644,0,0,1692857839,3682523326,7,ok,
12,10,0.4,20,2,2,8,2,0,-60.103315044376956,0,0,1692857839,3682523326,8,ok,
12,10,0.4,20,2,2,9,2,1,-60.10331504437697,0,0,1692857839,3682523326,9,ok,
12,10,0.4,20,2,2,10,2,3,-60.10331504437694,0,0,1692857839,3682523326,10,ok,
13,10,0.4,20,2,2,1,9,1,-36.795276182945614,0,0,2380764446,144248946,1,ok,
13,10,0.4,20,2,2,2,7,2,-29.773525083812395,0,0,2380764446,144248946,2,ok,
13,10,0.4,20,2,2,3,7,2,-29.53078457681467,0,0,2380764446,144248946,3,ok,
13,10,0.4,20,2,2,4,7,2,-29.281273928705446,0,0,2380764446,144248946,4,ok,
13,10,0.4,20,2,2,5,7,1,-29.281273928705446,0,0,2380764446,144248946,5,ok,
13,10,0.4,20,2,2,6,7,4,-29.28127392870545,0,0,2380764446,144248946,6,ok,
13,10,0.4,20,2,2,7,8,2,-29.35001934739279,0,0,2380764446,144248946,7,ok,
13,10,0.4,20,2,2,8,8,1,-29.35001934739279,0,0,2380764446,144248946,8,ok,
13,10,0.4,20,2,2,9,8,4,-29.350019347392795,0,0,2380764446,144248946,9,ok,
13,10,0.4,20,2,2,10,9,6,-29.464680281223686,0,0,2380764446,144248946,10,ok,
14,10,0.4,20,2,2,1,9,1,-88.03690146318309,0,0,3285177208,3133846278,1,ok,
14,10,0.4,20,2,2,2,7,1,-80.3143164747743,0,0,3285177208,3133846278,2,ok,
14,10,0.4,20,2,2,3,5,1,-76.09941604870288,0,0,3285177208,3133846278,3,ok,
14,10,0.4,20,2,2,4,5,2,-72.42941515509226,0,0,3285177208,3133846278,4,ok,
14,10,0.4,20,2,2,5,7,2,-69.7850115421863,0,0,3285177208,3133846278,5,ok,
14,10,0.4,20,2,2,6,9,2,-68.49042294012541,0,0,3285177208,3133846278,6,ok,
14,10,0.4,20,2,2,7,9,2,-67.66317658423313,0,0,3285177208,3133846278,7,ok,
14,10,0.4,20,2,2,8,11,2,-66.69484544013538,0,0,3285177208,3133846278,8,ok,
14,10,0.4,20,2,2,9,11,3,-66.73431804726575,0,0,3285177208,3133846278,9,ok,
14,10,0.4,20,2,2,10,10,3,-66.48448303815779,0,0,3285177208,3133846278,10,ok,
15,10,0.4,20,2,2,1,14,1,-66.95679526565533,0,0,3636012965,754435144,1,ok,
15,10,0.4,20,2,2,2,14,2,-52.30078668540868,0,0,3636012965,754435144,2,ok,
15,10,0.4,20,2,2,3,16,3,-47.66242689135101,0,0,3636012965,754435144,3,ok,
15,10,0.4,20,2,2,4,14,3,-46.563088242695144,0,0,3636012965,754435144,4,ok,
15,10,0.4,20,2,2,5,14,3,-42.871489592995474,0,0,3636012965,754435144,5,ok,
15,10,0.4,20,2,2,6,16,3,-41.884149221286314,0,0,3636012965,754435144,6,ok,
15,10,0.4,20,2,2,7,16,3,-41.01944433644788,0,0,3636012965,754435144,7,ok,
15,10,0.4,20,2,2,8,14,3,-39.964573291392455,0,0,3636012965,754435144,8,ok,
15,10,0.4,20,2,2,9,14,2,-39.964573291392455,0,0,3636012965,754435144,9,ok,
15,10,0.4,20,2,2,10,16,5,-40.251467779629216,0,0,3636012965,754435144,10,ok,
16,10,0.4,20,2,2,1,12,3,-62.815755346160486,0,0,383483661,3707325241,1,ok,
16,10,0.4,20,2,2,2,14,3,-58.26050953918736,0,0,383483661,3707325241,2,ok,
16,10,0.4,20,2,2,3,14,3,-54.47668404346845,0,0,383483661,3707325241,3,ok,
16,10,0.4,20,2,2,4,14,3,-50.77881108609199,0,0,383483661,3707325241,4,ok,
16,10,0.4,20,2,2,5,16,3,-49.16906865563831,0,0,383483661,3707325241,5,ok,
16,10,0.4,20,2,2,6,16,3,-47.588034245254335,0,0,383483661,3707325241,6,ok,
16,10,0.4,20,2,2,7,14,3,-46.07898148687508,0,0,383483661,3707325241,7,ok,
16,10,0.4,20,2,2,8,15,3,-45.07780790652407,0,0,383483661,3707325241,8,ok,
16,10,0.4,20,2,2,9,14,3,-45.185144006997234,0,0,383483661,3707325241,9,ok,
16,10,0.4,20,2,2,10,15,3,-45.458824201300985,0,0,383483661,3707325241,10,ok,
17,10,0.4,20,2,2,1,12,2,-20.772770881630507,0,0,94927149,2325558232,1,ok,
17,10,0.4,20,2,2,2,10,3,5.148920511634498,0,0,94927149,2325558232,2,ok,
17,10,0.4,20,2,2,3,8,4,12.47110129318084,0,0,94927149,2325558232,3,ok,
17,10,0.4,20,2,2,4,6,4,13.634988235720723,0,0,94927149,2325558232,4,ok,
17,10,0.4,20,2,2,5,5,4,13.791268477076503,0,0,94927149,2325558232,5,ok,
17,10,0.4,20,2,2,6,5,4,13.7912684770765,0,0,94927149,2325558232,6,ok,
17,10,0.4,20,2,2,7,5,3,13.791268477076496,0,0,94927149,2325558232,7,ok,
17,10,0.4,20,2,2,8,6,4,13.63498823572072,0,0,94927149,2325558232,8,ok,
17,10,0.4,20,2,2,9,6,3,13.634988235720709,0,0,94927149,2325558232,9,ok,
17,10,0.4,20,2,2,10,6,4,13.606777948915326,0,0,94927149,2325558232,10,ok,
18,10,0.4,20,2,2,1,14,9,-52.83214324736537,0,0,345313847,1287252767,1,ok,
18,10,0.4,20,2,2,2,14,9,-39.750639969342686,0,0,345313847,1287252767,2,ok,
18,10,0.4,20,2,2,3,12,10,-34.474790196207856,0,0,345313847,1287252767,3,ok,
18,10,0.4,20,2,2,4,12,11,-31.06244393521223,0,0,345313847,1287252767,4,ok,
18,10,0.4,20,2,2,5,12,10,-26.686363373168394,0,0,345313847,1287252767,5,ok,
18,10,0.4,20,2,2,6,10,10,-24.82740154395607,0,0,345313847,1287252767,6,ok,
18,10,0.4,20,2,2,7,10,11,-23.876388130089715,0,0,345313847,1287252767,7,ok,
18,10,0.4,20,2,2,8,10,12,-23.876388130089715,0,0,345313847,1287252767,8,ok,
18,10,0.4,20,2,2,9,11,12,-23.970736103300993,0,0,345313847,1287252767,9,ok,
18,10,0.4,20,2,2,10,10,14,-23.788187716463284,0,0,345313847,1287252767,10,ok,
19,10,0.4,20,2,2,1,11,2,-20.529411356976137,0,0,2066142960,1815427790,1,ok,
19,10,0.4,20,2,2,2,11,4,15.291211420927208,0,0,2066142960,1815427790,2,ok,
19,10,0.4,20,2,2,3,11,4,16.741067878380704,0,0,2066142960,1815427790,3,ok,
19,10,0.4,20,2,2,4,13,5,17.60496451204186,0,0,2066142960,1815427790,4,ok,
19,10,0.4,20,2,2,5,14,5,17.704823493197217,0,0,2066142960,1815427790,5,ok,
19,10,0.4,20,2,2,6,14,4,17.704823493197196,0,0,2066142960,1815427790,6,ok,
19,10,0.4,20,2,2,7,14,4,17.704823493194823,0,0,2066142960,1815427790,7,ok,
19,10,0.4,20,2,2,8,14,3,17.704823493194795,0,0,2066142960,1815427790,8,ok,
19,10,0.4,20,2,2,9,14,6,17.70482349319392,0,0,2066142960,1815427790,9,ok,
19,10,0.4,20,2,2,10,14,5,17.704823493193857,0,0,2066142960,1815427790,10,ok,
20,10,0.4,20,2,2,1,12,15,-85.4398117813263,0,0,1731896075,121632060,1,ok,
20,10,0.4,20,2,2,2,10,15,-75.7544068119581,0,0,1731896075,121632060,2,ok,
20,10,0.4,20,2,2,3,10,7,-70.60983831180957,0,0,1731896075,121632060,3,ok,
20,10,0.4,20,2,2,4,10,7,-69.27562914219767,0,0,1731896075,121632060,4,ok,
20,10,0.4,20,2,2,5,11,6,-68.29153870436585,0,0,1731896075,121632060,5,ok,
20,10,0.4,20,2,2,6,11,6,-67.32819667556619,0,0,1731896075,121632060,6,ok,
20,10,0.4,20,2,2,7,9,6,-65.30262266261506,0,0,1731896075,121632060,7,ok,
20,10,0.4,20,2,2,8,9,6,-65.30262266261506,0,0,1731896075,121632060,8,ok,
20,10,0.4,20,2,2,9,9,5,-65.30262266261506,0,0,1731896075,121632060,9,ok,
20,10,0.4,20,2,2,10,10,6,-65.39771938925244,0,0,1731896075,121632060,10,ok,
21,10,0.4,20,2,2,1,13,1,-59.3696475217144,0,0,22989415,533792607,1,ok,
21,10,0.4,20,2,2,2,13,2,-53.09107008402859,0,0,22989415,533792607,2,ok,
21,10,0.4,20,2,2,3,13,2,-48.234240790282314,0,0,22989415,533792607,3,ok,
21,10,0.4,20,2,2,4,11,2,-46.532451338959646,0,0,22989415,533792607,4,ok,
21,10,0.4,20,2,2,5,10,2,-45.935447748448205,0,0,22989415,533792607,5,ok,
21,10,0.4,20,2,2,6,10,2,-45.911030324101304,0,0,22989415,533792607,6,ok,
21,10,0.4,20,2,2,7,9,2,-46.05102634292611,0,0,22989415,533792607,7,ok,
21,10,0.4,20,2,2,8,11,2,-46.07268849093239,0,0,22989415,533792607,8,ok,
21,10,0.4,20,2,2,9,9,2,-46.075443767273,0,0,22989415,533792607,9,ok,
21,10,0.4,20,2,2,10,11,2,-46.09710591527929,0,0,22989415,533792607,10,ok,
22,10,0.4,20,2,2,1,16,3,-20.44755569052346,0,0,35580839,2880309928,1,ok,
22,10,0.4,20,2,2,2,14,3,-14.680546109229695,0,0,35580839,2880309928,2,ok,
22,10,0.4,20,2,2,3,14,3,-11.615001653816966,0,0,35580839,2880309928,3,ok,
22,10,0.4,20,2,2,4,14,4,-5.0172117475374804,0,0,35580839,2880309928,4,ok,
22,10,0.4,20,2,2,5,14,6,-1.6849475600554626,0,0,35580839,2880309928,5,ok,
22,10,0.4,20,2,2,6,16,6,-0.16786200363223802,0,0,35580839,2880309928,6,ok,
22,10,0.4,20,2,2,7,15,6,0.19576549187070835,0,0,35580839,2880309928,7,ok,
22,10,0.4,20,2,2,8,15,6,0.1957654918706977,0,0,35580839,2880309928,8,ok,
22,10,0.4,20,2,2,9,15,7,0.19576549187069414,0,0,35580839,2880309928,9,ok,
22,10,0.4,20,2,2,10,15,7,0.1957654918706906,0,0,35580839,2880309928,10,ok,
23,10,0.4,20,2,2,1,13,2,-51.436992093020706,0,0,2257511098,2779657785,1,ok,
23,10,0.4,20,2,2,2,11,2,-44.930851451851346,0,0,2257511098,2779657785,2,ok,
23,10,0.4,20,2,2,3,11,2,-40.19082643557206,0,0,2257511098,2779657785,3,ok,
23,10,0.4,20,2,2,4,13,2,-36.07032099348166,0,0,2257511098,2779657785,4,ok,
23,10,0.4,20,2,2,5,13,2,-32.83719303230665,0,0,2257511098,2779657785,5,ok,
23,10,0.4,20,2,2,6,13,2,-32.73566929554985,0,0,2257511098,2779657785,6,ok,
23,10,0.4,20,2,2,7,13,3,-32.22061006506012,0,0,2257511098,2779657785,7,ok,
23,10,0.4,20,2,2,8,13,3,-31.869489815276822,0,0,2257511098,2779657785,8,ok,
23,10,0.4,20,2,2,9,13,3,-31.769889686455684,0,0,2257511098,2779657785,9,ok,
23,10,0.4,20,2,2,10,12,3,-31.795244717041808,0,0,2257511098,2779657785,10,ok,
24,10,0.4,20,2,2,1,12,1,-37.92297810718965,0,0,1105094192,2643058927,1,ok,
24,10,0.4,20,2,2,2,10,0,-29.863638846358043,0,0,1105094192,2643058927,2,ok,
24,10,0.4,20,2,2,3,8,1,-25.930028710388324,0,0,1105094192,2643058927,3,ok,
24,10,0.4,20,2,2,4,9,1,-24.578945998339577,0,0,1105094192,2643058927,4,ok,
24,10,0.4,20,2,2,5,11,1,-23.829151345901398,0,0,1105094192,2643058927,5,ok,
24,10,0.4,20,2,2,6,9,2,-22.997952264352037,0,0,1105094192,2643058927,6,ok,
24,10,0.4,20,2,2,7,11,4,-22.23093821587789,0,0,1105094192,2643058927,7,ok,
24,10,0.4,20,2,2,8,11,4,-21.178312290277283,0,0,1105094192,2643058927,8,ok,
24,10,0.4,20,2,2,9,11,3,-21.178312290277283,0,0,1105094192,2643058927,9,ok,
24,10,0.4,20,2,2,10,12,4,-21.189273197356506,0,0,1105094192,2643058927,10,ok,
25,10,0.4,20,2,2,1,9,4,-107.1230699996978,0,0,3281590884,1647882546,1,ok,
25,10,0.4,20,2,2,2,11,5,-80.99168529180187,0,0,3281590884,1647882546,2,ok,
25,10,0.4,20,2,2,3,11,6,-77.73467770970812,0,0,3281590884,1647882546,3,ok,
25,10,0.4,20,2,2,4,13,8,-75.20832689346179,0,0,3281590884,1647882546,4,ok,
25,10,0.4,20,2,2,5,12,8,-75.10626159650317,0,0,3281590884,1647882546,5,ok,
25,10,0.4,20,2,2,6,12,5,-74.86550407249248,0,0,3281590884,1647882546,6,ok,
25,10,0.4,20,2,2,7,10,3,-74.73007264559415,0,0,3281590884,1647882546,7,ok,
25,10,0.4,20,2,2,8,8,3,-74.13532791995394,0,0,3281590884,1647882546,8,ok,
25,10,0.4,20,2,2,9,8,4,-74.13532791995397,0,0,3281590884,1647882546,9,ok,
25,10,0.4,20,2,2,10,8,6,-74.13532791995395,0,0,3281590884,1647882546,10,ok,
26,10,0.4,20,2,2,1,10,1,-49.96369151708118,0,0,1979643161,4282984060,1,ok,
26,10,0.4,20,2,2,2,8,2,-39.11827081429196,0,0,1979643161,4282984060,2,ok,
26,10,0.4,20,2,2,3,6,2,-29.47017914536268,0,0,1979643161,4282984060,3,ok,
26,10,0.4,20,2,2,4,4,2,-26.218214251179127,0,0,1979643161,4282984060,4,ok,
26,10,0.4,20,2,2,5,2,0,-24.470516217133863,0,0,1979643161,4282984060,5,ok,
26,10,0.4,20,2,2,6,1,1,-23.124299010328226,0,0,1979643161,4282984060,6,ok,
26,10,0.4,20,2,2,7,1,0,-23.124299010328226,0,0,1979643161,4282984060,7,ok,
26,10,0.4,20,2,2,8,1,1,-23.124299010328233,0,0,1979643161,4282984060,8,ok,
26,10,0.4,20,2,2,9,3,3,-23.09753000387969,0,0,1979643161,4282984060,9,ok,
26,10,0.4,20,2,2,10,3,5,-21.97344814351024,0,0,1979643161,4282984060,10,ok,
27,10,0.4,20,2,2,1,13,8,-77.6959206669819,0,0,3457402174,4212655701,1,ok,
27,10,0.4,20,2,2,2,15,13,-57.5667521412095,0,0,3457402174,4212655701,2,ok,
27,10,0.4,20,2,2,3,15,13,-53.85634451459377,0,0,3457402174,4212655701,3,ok,
27,10,0.4,20,2,2,4,15,13,-50.90170064682653,0,0,3457402174,4212655701,4,ok,
27,10,0.4,20,2,2,5,15,12,-48.19030842380597,0,0,3457402174,4212655701,5,ok,
27,10,0.4,20,2,2,6,15,13,-46.82942845540963,0,0,3457402174,4212655701,6,ok,
27,10,0.4,20,2,2,7,15,14,-45.99144210860856,0,0,3457402174,4212655701,7,ok,
27,10,0.4,20,2,2,8,15,13,-45.99144210860857,0,0,3457402174,4212655701,8,ok,
27,10,0.4,20,2,2,9,15,12,-45.99144210860882,0,0,3457402174,4212655701,9,ok,
27,10,0.4,20,2,2,10,15,13,-45.99144210860883,0,0,3457402174,4212655701,10,ok,
28,10,0.4,20,2,2,1,14,0,-97.05924601960317,0,0,1630040364,2944380402,1,ok,
28,10,0.4,20,2,2,2,14,1,-65.31596533211744,0,0,1630040364,2944380402,2,ok,
28,10,0.4,20,2,2,3,14,2,-48.60261434660299,0,0,1630040364,2944380402,3,ok,
28,10,0.4,20,2,2,4,12,4,-42.18772578579423,0,0,1630040364,2944380402,4,ok,
28,10,0.4,20,2,2,5,14,6,-38.98979378105094,0,0,1630040364,2944380402,5,ok,
28,10,0.4,20,2,2,6,14,4,-37.94407263803205,0,0,1630040364,2944380402,6,ok,
28,10,0.4,20,2,2,7,12,3,-37.35897482973252,0,0,1630040364,2944380402,7,ok,
28,10,0.4,20,2,2,8,13,4,-37.2602301318031,0,0,1630040364,2944380402,8,ok,
28,10,0.4,20,2,2,9,13,3,-37.2602301318031,0,0,1630040364,2944380402,9,ok,
28,10,0.4,20,2,2,10,15,6,-37.31956961408438,0,0,1630040364,2944380402,10,ok,
29,10,0.4,20,2,2,1,7,10,-74.12046762492082,0,0,4080649789,2793701317,1,ok,
29,10,0.4,20,2,2,2,7,11,-66.23070432533346,0,0,4080649789,2793701317,2,ok,
29,10,0.4,20,2,2,3,9,11,-60.43223003148982,0,0,4080649789,2793701317,3,ok,
29,10,0.4,20,2,2,4,11,11,-59.58018394702198,0,0,4080649789,2793701317,4,ok,
29,10,0.4,20,2,2,5,13,12,-58.79855412265374,0,0,4080649789,2793701317,5,ok,
29,10,0.4,20,2,2,6,15,10,-58.62183705759897,0,0,4080649789,2793701317,6,ok,
29,10,0.4,20,2,2,7,14,8,-58.46937016876288,0,0,4080649789,2793701317,7,ok,
29,10,0.4,20,2,2,8,14,7,-58.46937016876288,0,0,4080649789,2793701317,8,ok,
29,10,0.4,20,2,2,9,14,8,-58.469370168762886,0,0,4080649789,2793701317,9,ok,
29,10,0.4,20,2,2,10,12,8,-58.55778966649976,0,0,4080649789,2793701317,10,ok,
30,10,0.4,20,2,2,1,5,1,-59.47343627766956,0,0,3609109947,2956856191,1,ok,
30,10,0.4,20,2,2,2,5,1,-53.01180507659897,0,0,3609109947,2956856191,2,ok,
30,10,0.4,20,2,2,3,5,1,-47.459427509555695,0,0,3609109947,2956856191,3,ok,
30,10,0.4,20,2,2,4,7,2,-45.305712770068936,0,0,3609109947,2956856191,4,ok,
30,10,0.4,20,2,2,5,9,1,-44.93440320103222,0,0,3609109947,2956856191,5,ok,
30,10,0.4,20,2,2,6,11,2,-44.60504268757239,0,0,3609109947,2956856191,6,ok,
30,10,0.4,20,2,2,7,13,1,-44.04157067984864,0,0,3609109947,2956856191,7,ok,
30,10,0.4,20,2,2,8,13,2,-41.62732574062653,0,0,3609109947,2956856191,8,ok,
30,10,0.4,20,2,2,9,15,2,-41.421317332427506,0,0,3609109947,2956856191,9,ok,
30,10,0.4,20,2,2,10,15,1,-41.421317332427506,0,0,3609109947,2956856191,10,ok,
31,10,0.4,20,2,2,1,11,1,-31.408562539296526,0,0,3023661486,1670404795,1,ok,
31,10,0.4,20,2,2,2,11,2,-8.533082162699685,0,0,3023661486,1670404795,2,ok,
31,10,0.4,20,2,2,3,9,2,-5.125139430057167,0,0,3023661486,1670404795,3,ok,
31,10,0.4,20,2,2,4,11,3,-0.8230401403929042,0,0,3023661486,1670404795,4,ok,
31,10,0.4,20,2,2,5,11,3,0.564942300970146,0,0,3023661486,1670404795,5,ok,
31,10,0.4,20,2,2,6,11,3,1.6303058498266432,0,0,3023661486,1670404795,6,ok,
31,10,0.4,20,2,2,7,11,3,1.8907407607279958,0,0,3023661486,1670404795,7,ok,
31,10,0.4,20,2,2,8,9,3,2.145607014628393,0,0,3023661486,1670404795,8,ok,
31,10,0.4,20,2,2,9,11,3,2.389534794173653,0,0,3023661486,1670404795,9,ok,
31,10,0.4,20,2,2,10,12,4,2.497148032186225,0,0,3023661486,1670404795,10,ok,
32,10,0.4,20,2,2,1,15,6,-88.03764252390721,0,0,3758767033,580235069,1,ok,
32,10,0.4,20,2,2,2,13,8,-68.57446213919596,0,0,3758767033,580235069,2,ok,
32,10,0.4,20,2,2,3,15,9,-62.68321411845885,0,0,3758767033,580235069,3,ok,
32,10,0.4,20,2,2,4,17,9,-60.347625693101236,0,0,3758767033,580235069,4,ok,
32,10,0.4,20,2,2,5,17,9,-58.74958424205164,0,0,3758767033,580235069,5,ok,
32,10,0.4,20,2,2,6,17,9,-57.542258640429296,0,0,3758767033,580235069,6,ok,
32,10,0.4,20,2,2,7,18,9,-55.67921111034583,0,0,3758767033,580235069,7,ok,
32,10,0.4,20,2,2,8,18,9,-55.756517272473175,0,0,3758767033,580235069,8,ok,
32,10,0.4,20,2,2,9,19,9,-56.0652314675569,0,0,3758767033,580235069,9,ok,
32,10,0.4,20,2,2,10,16,8,-56.074781034968254,0,0,3758767033,580235069,10,ok,
33,10,0.4,20,2,2,1,11,1,-63.083964537573195,0,0,2486371348,3098768824,1,ok,
33,10,0.4,20,2,2,2,9,3,-49.97763344983406,0,0,2486371348,3098768824,2,ok,
33,10,0.4,20,2,2,3,9,3,-42.80778735336699,0,0,2486371348,3098768824,3,ok,
33,10,0.4,20,2,2,4,11,3,-37.757094849074754,0,0,2486371348,3098768824,4,ok,
33,10,0.4,20,2,2,5,13,3,-35.598901168001596,0,0,2486371348,3098768824,5,ok,
33,10,0.4,20,2,2,6,15,4,-34.29001803525495,0,0,2486371348,3098768824,6,ok,
33,10,0.4,20,2,2,7,15,4,-34.29001803525495,0,0,2486371348,3098768824,7,ok,
33,10,0.4,20,2,2,8,15,3,-34.29001803525495,0,0,2486371348,3098768824,8,ok,
33,10,0.4,20,2,2,9,15,4,-34.58539455947286,0,0,2486371348,3098768824,9,ok,
33,10,0.4,20,2,2,10,15,4,-34.58539455947286,0,0,2486371348,3098768824,10,ok,
34,10,0.4,20,2,2,1,14,1,-86.08671432828882,0,0,3631311418,2256379632,1,ok,
34,10,0.4,20,2,2,2,12,1,-70.79159804193053,0,0,3631311418,2256379632,2,ok,
34,10,0.4,20,2,2,3,12,1,-59.577449564082045,0,0,3631311418,2256379632,3,ok,
34,10,0.4,20,2,2,4,10,1,-54.6232305315889,0,0,3631311418,2256379632,4,ok,
34,10,0.4,20,2,2,5,12,2,-51.06806368321286,0,0,3631311418,2256379632,5,ok,
34,10,0.4,20,2,2,6,10,2,-48.48970461467865,0,0,3631311418,2256379632,6,ok,
34,10,0.4,20,2,2,7,12,3,-46.86611847073261,0,0,3631311418,2256379632,7,ok,
34,10,0.4,20,2,2,8,14,1,-45.297841820906925,0,0,3631311418,2256379632,8,ok,
34,10,0.4,20,2,2,9,16,2,-44.908699995343206,0,0,3631311418,2256379632,9,ok,
34,10,0.4,20,2,2,10,16,3,-44.67368359213264,0,0,3631311418,2256379632,10,ok,
35,10,0.4,20,2,2,1,7,2,-51.78987604446576,0,0,1612402199,1332478708,1,ok,
35,10,0.4,20,2,2,2,7,2,-46.37089509941744,0,0,1612402199,1332478708,2,ok,
35,10,0.4,20,2,2,3,7,2,-43.802874668121206,0,0,1612402199,1332478708,3,ok,
35,10,0.4,20,2,2,4,5,2,-41.55717252540438,0,0,1612402199,1332478708,4,ok,
35,10,0.4,20,2,2,5,6,2,-41.4029550726454,0,0,1612402199,1332478708,5,ok,
35,10,0.4,20,2,2,6,6,2,-41.42486420273988,0,0,1612402199,1332478708,6,ok,
35,10,0.4,20,2,2,7,7,2,-41.53133833426074,0,0,1612402199,1332478708,7,ok,
35,10,0.4,20,2,2,8,7,2,-41.553247464355216,0,0,1612402199,1332478708,8,ok,
35,10,0.4,20,2,2,9,6,2,-41.685555787019716,0,0,1612402199,1332478708,9,ok,
35,10,0.4,20,2,2,10,7,2,-41.735182764563646,0,0,1612402199,1332478708,10,ok,
36,10,0.4,20,2,2,1,20,6,-45.64192202632955,0,0,1816595735,2086646976,1,ok,
36,10,0.4,20,2,2,2,20,6,-39.73774221147426,0,0,1816595735,2086646976,2,ok,
36,10,0.4,20,2,2,3,22,5,-34.034579258661466,0,0,1816595735,2086646976,3,ok,
36,10,0.4,20,2,2,4,20,5,-33.54373672189946,0,0,1816595735,2086646976,4,ok,
36,10,0.4,20,2,2,5,22,5,-33.10672895926837,0,0,1816595735,2086646976,5,ok,
36,10,0.4,20,2,2,6,22,6,-33.106728959268374,0,0,1816595735,2086646976,6,ok,
36,10,0.4,20,2,2,7,21,6,-33.12508258153653,0,0,1816595735,2086646976,7,ok,
36,10,0.4,20,2,2,8,19,6,-32.56345325291288,0,0,1816595735,2086646976,8,ok,
36,10,0.4,20,2,2,9,19,5,-32.56345325291288,0,0,1816595735,2086646976,9,ok,
36,10,0.4,20,2,2,10,18,6,-32.67344985776536,0,0,1816595735,2086646976,10,ok,
37,10,0.4,20,2,2,1,13,6,-85.93759557130237,0,0,3087315778,3820321157,1,ok,
37,10,0.4,20,2,2,2,13,8,-76.92093535595724,0,0,3087315778,3820321157,2,ok,
37,10,0.4,20,2,2,3,15,6,-71.32313444156772,0,0,3087315778,3820321157,3,ok,
37,10,0.4,20,2,2,4,17,9,-68.33541983564605,0,0,3087315778,3820321157,4,ok,
37,10,0.4,20,2,2,5,19,9,-67.12456284653373,0,0,3087315778,3820321157,5,ok,
37,10,0.4,20,2,2,6,19,10,-66.4286631665126,0,0,3087315778,3820321157,6,ok,
37,10,0.4,20,2,2,7,17,10,-64.65932724900331,0,0,3087315778,3820321157,7,ok,
37,10,0.4,20,2,2,8,17,10,-58.72526305172744,0,0,3087315778,3820321157,8,ok,
37,10,0.4,20,2,2,9,17,10,-58.31104000449838,0,0,3087315778,3820321157,9,ok,
37,10,0.4,20,2,2,10,15,5,-55.81238843164007,0,0,3087315778,3820321157,10,ok,
38,10,0.4,20,2,2,1,13,4,-17.7607444169989,0,0,313304721,4011686353,1,ok,
38,10,0.4,20,2,2,2,13,5,-13.463886889803682,0,0,313304721,4011686353,2,ok,
38,10,0.4,20,2,2,3,13,6,-11.357058712420255,0,0,313304721,4011686353,3,ok,
38,10,0.4,20,2,2,4,13,6,-9.012668850009916,0,0,313304721,4011686353,4,ok,
38,10,0.4,20,2,2,5,14,6,-8.326682779719022,0,0,313304721,4011686353,5,ok,
38,10,0.4,20,2,2,6,14,6,-8.326682779719022,0,0,313304721,4011686353,6,ok,
38,10,0.4,20,2,2,7,15,7,-8.374487691842013,0,0,313304721,4011686353,7,ok,
38,10,0.4,20,2,2,8,15,7,-8.374487691842017,0,0,313304721,4011686353,8,ok,
38,10,0.4,20,2,2,9,15,6,-8.374487691842017,0,0,313304721,4011686353,9,ok,
38,10,0.4,20,2,2,10,14,6,-8.510211881702691,0,0,313304721,4011686353,10,ok,
39,10,0.4,20,2,2,1,9,6,-60.833126661808194,0,0,2282102939,1536718667,1,ok,
39,10,0.4,20,2,2,2,11,7,-58.234649264859314,0,0,2282102939,1536718667,2,ok,
39,10,0.4,20,2,2,3,11,10,-57.043590647897005,0,0,2282102939,1536718667,3,ok,
39,10,0.4,20,2,2,4,11,9,-55.57541439736883,0,0,2282102939,1536718667,4,ok,
39,10,0.4,20,2,2,5,11,10,-54.78489409489774,0,0,2282102939,1536718667,5,ok,
39,10,0.4,20,2,2,6,12,10,-54.44554873467443,0,0,2282102939,1536718667,6,ok,
39,10,0.4,20,2,2,7,14,10,-54.257849430328434,0,0,2282102939,1536718667,7,ok,
39,10,0.4,20,2,2,8,15,10,-51.6412075205733,0,0,2282102939,1536718667,8,ok,
39,10,0.4,20,2,2,9,15,10,-50.63718457699025,0,0,2282102939,1536718667,9,ok,
39,10,0.4,20,2,2,10,15,9,-50.63718457699025,0,0,2282102939,1536718667,10,ok,
40,10,0.4,20,2,2,1,11,0,-13.882700347126931,0,0,2889393616,2454701930,1,ok,
40,10,0.4,20,2,2,2,9,2,8.19931254277061,0,0,2889393616,2454701930,2,ok,
40,10,0.4,20,2,2,3,9,4,12.352361522068733,0,0,2889393616,2454701930,3,ok,
40,10,0.4,20,2,2,4,7,5,16.89031465208842,0,0,2889393616,2454701930,4,ok,
40,10,0.4,20,2,2,5,8,3,17.146527280899107,0,0,2889393616,2454701930,5,ok,
40,10,0.4,20,2,2,6,8,4,17.146527280899107,0,0,2889393616,2454701930,6,ok,
40,10,0.4,20,2,2,7,8,2,17.146527280899107,0,0,2889393616,2454701930,7,ok,
40,10,0.4,20,2,2,8,8,5,17.1465272808991,0,0,2889393616,2454701930,8,ok,
40,10,0.4,20,2,2,9,8,3,17.146527280899093,0,0,2889393616,2454701930,9,ok,
40,10,0.4,20,2,2,10,8,4,17.146527280899086,0,0,2889393616,2454701930,10,ok,
41,10,0.4,20,2,2,1,17,4,-39.017502646986046,0,0,1093525228,1382418507,1,ok,
41,10,0.4,20,2,2,2,17,4,-27.595924262825356,0,0,1093525228,1382418507,2,ok,
41,10,0.4,20,2,2,3,17,7,-22.727830560354022,0,0,1093525228,1382418507,3,ok,
41,10,0.4,20,2,2,4,17,7,-19.25443884868719,0,0,1093525228,1382418507,4,ok,
41,10,0.4,20,2,2,5,15,8,-18.06997046674676,0,0,1093525228,1382418507,5,ok,
41,10,0.4,20,2,2,6,15,9,-17.381382578098695,0,0,1093525228,1382418507,6,ok,
41,10,0.4,20,2,2,7,15,8,-17.381382578098698,0,0,1093525228,1382418507,7,ok,
41,10,0.4,20,2,2,8,15,11,-17.38784538768315,0,0,1093525228,1382418507,8,ok,
41,10,0.4,20,2,2,9,15,10,-17.387845387683154,0,0,1093525228,1382418507,9,ok,
41,10,0.4,20,2,2,10,16,9,-17.429735590227075,0,0,1093525228,1382418507,10,ok,
42,10,0.4,20,2,2,1,10,2,-66.72371924130215,0,0,3090273954,2552499192,1,ok,
42,10,0.4,20,2,2,2,8,3,-36.72978173148874,0,0,3090273954,2552499192,2,ok,
42,10,0.4,20,2,2,3,6,4,-34.79748703614642,0,0,3090273954,2552499192,3,ok,
42,10,0.4,20,2,2,4,6,4,-33.58079027193954,0,0,3090273954,2552499192,4,ok,
42,10,0.4,20,2,2,5,7,4,-33.32919911704972,0,0,3090273954,2552499192,5,ok,
42,10,0.4,20,2,2,6,9,4,-33.25415224268188,0,0,3090273954,2552499192,6,ok,
42,10,0.4,20,2,2,7,9,3,-33.2541522426819,0,0,3090273954,2552499192,7,ok,
42,10,0.4,20,2,2,8,7,3,-33.329199117049725,0,0,3090273954,2552499192,8,ok,
42,10,0.4,20,2,2,9,8,4,-33.330433445591254,0,0,3090273954,2552499192,9,ok,
42,10,0.4,20,2,2,10,8,3,-33.33043344559126,0,0,3090273954,2552499192,10,ok,
43,10,0.4,20,2,2,1,10,3,-41.9801216706403,0,0,2166461505,1451317661,1,ok,
43,10,0.4,20,2,2,2,12,3,-34.04842769614484,0,0,2166461505,1451317661,2,ok,
43,10,0.4,20,2,2,3,10,3,-29.377356848412568,0,0,2166461505,1451317661,3,ok,
43,10,0.4,20,2,2,4,8,3,-25.654666683068037,0,0,2166461505,1451317661,4,ok,
43,10,0.4,20,2,2,5,9,3,-20.488476442404554,0,0,2166461505,1451317661,5,ok,
43,10,0.4,20,2,2,6,11,3,-19.545895627633968,0,0,2166461505,1451317661,6,ok,
43,10,0.4,20,2,2,7,9,3,-18.43028269564438,0,0,2166461505,1451317661,7,ok,
43,10,0.4,20,2,2,8,9,3,-18.682061296033332,0,0,2166461505,1451317661,8,ok,
43,10,0.4,20,2,2,9,10,3,-18.859245313082496,0,0,2166461505,1451317661,9,ok,
43,10,0.4,20,2,2,10,10,5,-17.674522768722966,0,0,2166461505,1451317661,10,ok,
44,10,0.4,20,2,2,1,17,2,-40.861251274790426,0,0,3267007163,1681990798,1,ok,
44,10,0.4,20,2,2,2,17,4,-33.581563151318306,0,0,3267007163,1681990798,2,ok,
44,10,0.4,20,2,2,3,17,5,-28.802476957348045,0,0,3267007163,1681990798,3,ok,
44,10,0.4,20,2,2,4,19,5,-24.960906293842626,0,0,3267007163,1681990798,4,ok,
44,10,0.4,20,2,2,5,17,5,-23.601839079354118,0,0,3267007163,1681990798,5,ok,
44,10,0.4,20,2,2,6,17,5,-17.4875834975775,0,0,3267007163,1681990798,6,ok,
44,10,0.4,20,2,2,7,15,5,-16.221721133499084,0,0,3267007163,1681990798,7,ok,
44,10,0.4,20,2,2,8,14,5,-15.315083635232323,0,0,3267007163,1681990798,8,ok,
44,10,0.4,20,2,2,9,14,4,-15.315083635232323,0,0,3267007163,1681990798,9,ok,
44,10,0.4,20,2,2,10,15,5,-15.671545129232314,0,0,3267007163,1681990798,10,ok,
45,10,0.4,20,2,2,1,11,1,-37.44840651554866,0,0,1409501673,3823699225,1,ok,
45,10,0.4,20,2,2,2,9,2,-25.759472303361434,0,0,1409501673,3823699225,2,ok,
45,10,0.4,20,2,2,3,7,1,-15.383589142701828,0,0,1409501673,3823699225,3,ok,
45,10,0.4,20,2,2,4,7,1,-11.676186494097987,0,0,1409501673,3823699225,4,ok,
45,10,0.4,20,2,2,5,7,1,-10.982277505999479,0,0,1409501673,3823699225,5,ok,
45,10,0.4,20,2,2,6,9,1,-10.631387849081822,0,0,1409501673,3823699225,6,ok,
45,10,0.4,20,2,2,7,9,1,-10.657160124325468,0,0,1409501673,3823699225,7,ok,
45,10,0.4,20,2,2,8,10,1,-10.686726349244523,0,0,1409501673,3823699225,8,ok,
45,10,0.4,20,2,2,9,10,1,-10.696955629965556,0,0,1409501673,3823699225,9,ok,
45,10,0.4,20,2,2,10,10,1,-10.71249862448817,0,0,1409501673,3823699225,10,ok,
46,10,0.4,20,2,2,1,14,0,-53.0067416775787,0,0,1133558434,975634434,1,ok,
46,10,0.4,20,2,2,2,12,0,-45.397607487614735,0,0,1133558434,975634434,2,ok,
46,10,0.4,20,2,2,3,12,0,-35.01535641480217,0,0,1133558434,975634434,3,ok,
46,10,0.4,20,2,2,4,12,1,-29.642857311285923,0,0,1133558434,975634434,4,ok,
46,10,0.4,20,2,2,5,14,1,-25.116252477574026,0,0,1133558434,975634434,5,ok,
46,10,0.4,20,2,2,6,14,3,-21.684028963468343,0,0,1133558434,975634434,6,ok,
46,10,0.4,20,2,2,7,14,2,-20.86739491108475,0,0,1133558434,975634434,7,ok,
46,10,0.4,20,2,2,8,12,1,-18.06614613293655,0,0,1133558434,975634434,8,ok,
46,10,0.4,20,2,2,9,10,1,-13.242935418374518,0,0,1133558434,975634434,9,ok,
46,10,0.4,20,2,2,10,10,1,-9.020465430886873,0,0,1133558434,975634434,10,ok,
47,10,0.4,20,2,2,1,12,2,-50.85128473259669,0,0,3067347643,2676568404,1,ok,
47,10,0.4,20,2,2,2,10,4,-45.065304733651956,0,0,3067347643,2676568404,2,ok,
47,10,0.4,20,2,2,3,10,5,-40.735320572028314,0,0,3067347643,2676568404,3,ok,
47,10,0.4,20,2,2,4,10,6,-37.66949953068668,0,0,3067347643,2676568404,4,ok,
47,10,0.4,20,2,2,5,11,8,-36.891471364824454,0,0,3067347643,2676568404,5,ok,
47,10,0.4,20,2,2,6,13,9,-36.1954531776983,0,0,3067347643,2676568404,6,ok,
47,10,0.4,20,2,2,7,14,9,-35.98147145100861,0,0,3067347643,2676568404,7,ok,
47,10,0.4,20,2,2,8,15,9,-35.8904966821633,0,0,3067347643,2676568404,8,ok,
47,10,0.4,20,2,2,9,13,8,-35.17146013635613,0,0,3067347643,2676568404,9,ok,
47,10,0.4,20,2,2,10,13,6,-35.17146013635614,0,0,3067347643,2676568404,10,ok,
48,10,0.4,20,2,2,1,13,0,-80.91267155352253,0,0,208505582,360843152,1,ok,
48,10,0.4,20,2,2,2,11,2,-55.164470882997456,0,0,208505582,360843152,2,ok,
48,10,0.4,20,2,2,3,11,3,-49.237642120910124,0,0,208505582,360843152,3,ok,
48,10,0.4,20,2,2,4,9,3,-46.52479792272831,0,0,208505582,360843152,4,ok,
48,10,0.4,20,2,2,5,9,3,-44.30728519414782,0,0,208505582,360843152,5,ok,
48,10,0.4,20,2,2,6,11,3,-42.7216108679667,0,0,208505582,360843152,6,ok,
48,10,0.4,20,2,2,7,13,4,-41.98349024116452,0,0,208505582,360843152,7,ok,
48,10,0.4,20,2,2,8,15,6,-41.70942609539895,0,0,208505582,360843152,8,ok,
48,10,0.4,20,2,2,9,13,6,-40.99108508502187,0,0,208505582,360843152,9,ok,
48,10,0.4,20,2,2,10,14,6,-40.100280514536756,0,0,208505582,360843152,10,ok,
49,10,0.4,20,2,2,1,10,1,-36.99798911736639,0,0,1619799227,3576179382,1,ok,
49,10,0.4,20,2,2,2,10,2,-31.74514738317685,0,0,1619799227,3576179382,2,ok,
49,10,0.4,20,2,2,3,10,2,-29.315304688043618,0,0,1619799227,3576179382,3,ok,
49,10,0.4,20,2,2,4,8,2,-29.347052702711558,0,0,1619799227,3576179382,4,ok,
49,10,0.4,20,2,2,5,7,2,-28.980894766970767,0,0,1619799227,3576179382,5,ok,
49,10,0.4,20,2,2,6,8,2,-29.02406030586245,0,0,1619799227,3576179382,6,ok,
49,10,0.4,20,2,2,7,6,2,-29.08299700501022,0,0,1619799227,3576179382,7,ok,
49,10,0.4,20,2,2,8,10,2,-29.102214062770052,0,0,1619799227,3576179382,8,ok,
49,10,0.4,20,2,2,9,12,2,-28.45739456062882,0,0,1619799227,3576179382,9,ok,
49,10,0.4,20,2,2,10,13,2,-28.389049802434663,0,0,1619799227,3576179382,10,ok,
