algorithm,d,density,n_samples,n_valid,ds_mean,ds_std,ds_ci95_low,ds_ci95_high,dp_mean,dp_std,dp_ci95_low,dp_ci95_high,runtime_sec_mean,runtime_sec_std
boss,4,0.2,20,50,0.24,0.4314191105869,0.12041672357724931,0.3595832764227507,0.0,0.0,0.0,0.0,0.015427881302312017,0.0037350008930689214
boss,4,0.2,50,50,0.16,0.3703280399090206,0.05735030443298919,0.2626496955670108,0.0,0.0,0.0,0.0,0.015953845577314496,0.003920771744836059
boss,4,0.2,100,50,0.02,0.1414213562373095,0.0,0.0592,0.0,0.0,0.0,0.0,0.016993465106934308,0.003415029237866427
boss,4,0.2,500,50,0.0,0.0,0.0,0.0,0.0,0.0,0.0,0.0,0.016383997378870845,0.003996427291231022
boss,4,0.2,1000,50,0.0,0.0,0.0,0.0,0.0,0.0,0.0,0.0,0.015919048241339624,0.0038585848861260167
boss,4,0.2,5000,50,0.0,0.0,0.0,0.0,0.0,0.0,0.0,0.0,0.015918466998264193,0.0037772187056926655
boss,4,0.2,10000,50,0.0,0.0,0.0,0.0,0.0,0.0,0.0,0.0,0.01752229927573353,0.0035897552213895977
boss,4,0.5,20,50,1.3,0.8630747123996124,1.0607678951311093,1.5392321048688908,0.08,0.2740475156178697,0.0040379041889969935,0.155962095811003,0.013451611949130892,0.004088536751634095
boss,4,0.5,50,50,0.72,0.7295511619887831,0.5177787350450007,0.9222212649549992,0.18,0.5225526045191967,0.03515580784857128,0.3248441921514287,0.013461299086920918,0.004619134837176745
boss,4,0.5,100,50,0.38,0.8053393251117374,0.1567713280064588,0.6032286719935412,0.02,0.14142135623730948,0.0,0.05919999999999999,0.01192034584004432,0.004566904155204021
boss,4,0.5,500,50,0.08,0.27404751561786966,0.004037904188997007,0.155962095811003,0.08,0.39589732744431483,0.0,0.18973714047668638,0.012929441258311272,0.004323382917974382
boss,4,0.5,1000,50,0.02,0.1414213562373095,0.0,0.0592,0.04,0.282842712474619,0.0,0.1184,0.01343675094190985,0.004665463521867363
boss,4,0.5,5000,50,0.02,0.1414213562373095,0.0,0.0592,0.0,0.0,0.0,0.0,0.01256048169452697,0.004528284925545368
boss,4,0.5,10000,50,0.02,0.1414213562373095,0.0,0.0592,0.0,0.0,0.0,0.0,0.013809848092496396,0.005186239227344239
boss,4,0.8,20,50,1.9,1.0546302185881,1.6076714177505045,2.192328582249495,0.12,0.47979587496419046,0.0,0.25299263137482464,0.011539218686521054,0.0027903396823725666
boss,4,0.8,50,50,1.26,0.9216223495022464,1.0045393180937623,1.5154606819062377,0.18,0.48191793695522867,0.04641916305098248,0.3135808369490175,0.01062098219525069,0.00283235057755325
boss,4,0.8,100,50,0.92,0.8290638930598234,0.6901952132787483,1.1498047867212517,0.4,0.8571428571428572,0.16241212152132004,0.63758787847868,0.010128964958712459,0.003370691246355136
boss,4,0.8,500,50,0.18,0.43752550946038726,0.05872411616483679,0.3012758838351632,0.06,0.2398979374820952,0.0,0.12649631568741232,0.008514684801921248,0.004058566449668517
boss,4,0.8,1000,50,0.18,0.3880879344916036,0.07242751281112814,0.28757248718887185,0.12,0.4351870346207948,0.0,0.24062769167981288,0.0092466812254861,0.003642067821175808
boss,4,0.8,5000,50,0.12,0.32826072265931594,0.02901076986807724,0.21098923013192275,0.04,0.28284271247461895,0.0,0.11839999999999998,0.010220254641026258,0.0029226347760045084
boss,4,0.8,10000,50,0.06,0.23989793748209523,0.0,0.12649631568741232,0.04,0.19794866372215741,0.0,0.09486857023834319,0.010709952898323535,0.0028316473722466338
boss,6,0.2,20,50,1.36,1.1385633625812157,1.0444063371992398,1.6755936628007604,0.02,0.1414213562373095,0.0,0.0592,0.029808540865778922,0.012533410899787796
boss,6,0.2,50,50,0.44,0.61145527311522,0.27051324535527854,0.6094867546447215,0.08,0.39589732744431483,0.0,0.18973714047668638,0.023783797128126026,0.010013160986255952
boss,6,0.2,100,50,0.16,0.42185208743524,0.04306856710020185,0.27693143289979816,0.06,0.3136356914300021,0.0,0.14693537829905612,0.02692327823024243,0.011363563011027093
boss,6,0.2,500,50,0.02,0.14142135623730948,0.0,0.05919999999999999,0.0,0.0,0.0,0.0,0.027419091179035605,0.0132657871801617
boss,6,0.2,1000,50,0.02,0.1414213562373095,0.0,0.0592,0.0,0.0,0.0,0.0,0.023996036616154015,0.010324869366858122
boss,6,0.2,5000,50,0.0,0.0,0.0,0.0,0.0,0.0,0.0,0.0,0.02623787327669561,0.01112394628199861
boss,6,0.2,10000,50,0.0,0.0,0.0,0.0,0.0,0.0,0.0,0.0,0.027291859900578856,0.01043485554112912
boss,6,0.5,20,50,4.14,1.8071287407692584,3.6390894690665805,4.640910530933419,0.7,1.0151907431108498,0.418603482608615,0.9813965173913849,0.0230957491742447,0.009372835981352225
boss,6,0.5,50,50,2.18,1.5608736433844492,1.7473478995775014,2.612652100422499,0.6,1.0690449676496976,0.30367585316076584,0.8963241468392341,0.021602301360107958,0.006509077818145518
boss,6,0.5,100,50,1.32,1.2687773320671152,0.9683128663143903,1.6716871336856098,0.62,1.0859022393702793,0.3190032558315623,0.9209967441684377,0.023785744956694544,0.0076791818754168755
boss,6,0.5,500,50,0.48,0.7886956423909863,0.2613847214854369,0.6986152785145631,0.34,0.6883876458946718,0.14918867958111084,0.5308113204188892,0.024005572153255342,0.007847484930078292
boss,6,0.5,1000,50,0.34,0.7453255691854618,0.13340629244819682,0.5465937075518033,0.26,0.5996597674804388,0.0937827927078547,0.4262172072921453,0.02305866960901767,0.00593567481817685
boss,6,0.5,5000,50,0.06,0.2398979374820952,0.0,0.12649631568741232,0.04,0.19794866372215741,0.0,0.09486857023834319,0.024457124639302493,0.0065443736513656585
boss,6,0.5,10000,50,0.18,0.5955618167335951,0.014918686702582867,0.3450813132974171,0.08,0.3404678653660853,0.0,0.1743728774595752,0.023508302727714182,0.00668736160405271
boss,6,0.8,20,50,6.82,1.6744173522117343,6.355875189200146,7.284124810799854,1.9,1.6567733578204573,1.4407658549280118,2.359234145071988,0.016300249863415956,0.0038371775178816427
boss,6,0.8,50,50,6.56,1.6308255077520384,6.107958232018323,7.012041767981676,2.62,2.0292755317288655,2.0575135201624843,3.182486479837516,0.017946412498131396,0.0045645322681551566
boss,6,0.8,100,50,5.02,1.5970636320754283,4.5773165465030345,5.462683453496965,3.5,2.261027398763488,2.8732751800032172,4.126724819996783,0.018863160996697843,0.00466836495163382
boss,6,0.8,500,50,2.88,1.8805123053604953,2.3587485827357395,3.4012514172642603,2.28,2.030783502161927,1.7170955320838177,2.842904467916182,0.017924857959151268,0.0042676561005205145
boss,6,0.8,1000,50,2.16,1.7654276235171895,1.6706484290410422,2.649351570958958,1.7,1.6319513798279803,1.2476461562007017,2.152353843799298,0.017032541097141803,0.005350522790468987
boss,6,0.8,5000,50,1.0,1.3702375780893485,0.620189520944985,1.379810479055015,0.88,1.2558434843334807,0.5318979459985909,1.2281020540014091,0.017894385480321944,0.004596882543673807
boss,6,0.8,10000,50,0.6,0.8081220356417685,0.376,0.824,0.5,0.9313146293146641,0.24185275519579919,0.7581472448042008,0.017967199757695198,0.00399222571909684
boss,8,0.2,20,50,2.02,1.3626205245326195,1.6423008604722538,2.3976991395277465,0.16,0.5095015571464859,0.018773373615312894,0.3012266263846871,0.062135417270474134,0.028458332195975402
boss,8,0.2,50,50,1.0,0.9689042833036098,0.7314334346944877,1.2685665653055123,0.14,0.49528388066742046,0.0027143124721298872,0.27728568752787014,0.06022143327165395,0.023422092074094243
boss,8,0.2,100,50,0.72,0.9905677613348409,0.4454286249442597,0.9945713750557402,0.02,0.14142135623730948,0.0,0.05919999999999999,0.06365825205575674,0.02320342369119316
boss,8,0.2,500,50,0.08,0.27404751561786966,0.004037904188997007,0.155962095811003,0.0,0.0,0.0,0.0,0.062445973013527695,0.029131430521866716
boss,8,0.2,1000,50,0.06,0.3136356914300021,0.0,0.14693537829905612,0.02,0.14142135623730948,0.0,0.05919999999999999,0.06403371894732118,0.030143602919825544
boss,8,0.2,5000,50,0.0,0.0,0.0,0.0,0.0,0.0,0.0,0.0,0.07187339932657778,0.024569499774813465
boss,8,0.2,10000,50,0.02,0.14142135623730948,0.0,0.05919999999999999,0.02,0.14142135623730948,0.0,0.05919999999999999,0.06959642674773932,0.02616209805319945
boss,8,0.5,20,50,8.74,2.5857537487122766,8.02326562800435,9.456734371995651,1.92,2.1173722644170176,1.3330943517054892,2.5069056482945107,0.035445371805690226,0.011771786610139797
boss,8,0.5,50,50,6.3,2.3754698783308417,5.641553343086929,6.958446656913071,1.74,1.675879300120217,1.275469957914453,2.2045300420855467,0.03956191263161599,0.01043883478716307
boss,8,0.5,100,50,3.46,2.1872543593860003,2.853724023236942,4.066275976763058,1.36,1.6005101227612477,0.9163612280244209,1.8036387719755793,0.042927713016979396,0.011638169488727161
boss,8,0.5,500,50,1.24,1.623299738439062,0.7900442688441451,1.6899557311558548,0.62,1.122860777893062,0.30875887161237836,0.9312411283876216,0.04873073768801987,0.013832721084383671
boss,8,0.5,1000,50,0.54,0.8134080483135291,0.3145347920409892,0.7654652079590109,0.38,0.6023762469230862,0.21302982302219356,0.5469701769778065,0.0508601960260421,0.011042881382522443
boss,8,0.5,5000,50,0.2,0.6700593942604899,0.014269011740097648,0.3857309882599024,0.14,0.4045657788144656,0.027860087390795624,0.25213991260920443,0.0538908595778048,0.01633565565023812
boss,8,0.5,10000,50,0.08,0.3404678653660853,0.0,0.1743728774595752,0.06,0.2398979374820952,0.0,0.12649631568741232,0.0484753182111308,0.010488604983335413
boss,8,0.8,20,50,13.82,2.2378013991506966,13.199713098639025,14.440286901360976,4.96,3.885924364069031,3.882876720147596,6.037123279852404,0.0332327476888895,0.007233867399636431
boss,8,0.8,50,50,11.62,2.088745351366974,11.041029327167601,12.198970672832397,5.58,3.865546401169159,4.508525203282877,6.651474796717123,0.04033496234100312,0.007995224042243182
boss,8,0.8,100,50,10.16,2.2529798861390082,9.535505836696611,10.784494163303389,5.06,2.7136089381832003,4.307825977582315,5.812174022417684,0.04509381734300405,0.005717377692213788
boss,8,0.8,500,50,6.1,2.793943887943992,5.325558265587397,6.874441734412602,4.08,3.180553154303028,3.198395644293882,4.961604355706118,0.045121605382300915,0.006653547083025372
boss,8,0.8,1000,50,4.52,2.8301582850376668,3.7355201468488817,5.3044798531511175,3.74,3.3552274170923444,2.8099784088527837,4.670021591147217,0.039776677684858444,0.00616428859668988
boss,8,0.8,5000,50,1.52,1.9612574059120587,0.9763671827418805,2.0636328172581195,1.02,1.7436766223314764,0.5366774989719598,1.5033225010280402,0.03685047743376344,0.005447232247709664
boss,8,0.8,10000,50,1.18,1.3200185527453152,0.8141095245842002,1.5458904754157996,1.04,1.1773370158878007,0.7136588288309305,1.3663411711690696,0.03738377278205007,0.005746151433229363
boss,10,0.2,20,50,4.56,2.3574458679698593,3.9065493438674954,5.213450656132504,0.7,1.5419309389230647,0.27259854937073497,1.127401450629265,0.11698137938976289,0.03844508432476327
boss,10,0.2,50,50,2.24,1.5460284866821352,1.8114627670785188,2.668537232921482,0.18,0.5225526045191966,0.03515580784857131,0.3248441921514287,0.11597913158126176,0.03601697580370373
boss,10,0.2,100,50,0.98,1.1691615694634356,0.6559249469644416,1.3040750530355583,0.22,0.5816935163286381,0.05876278345245475,0.3812372165475453,0.1158447290211916,0.04609116779255096
boss,10,0.2,500,50,0.18,0.43752550946038726,0.05872411616483679,0.3012758838351632,0.08,0.39589732744431483,0.0,0.18973714047668638,0.12479940374847502,0.048839091502297344
boss,10,0.2,1000,50,0.12,0.38544964466377263,0.013158809441302086,0.2268411905586979,0.1,0.41649656391752143,0.0,0.21544695751729448,0.14295506480615586,0.05241775184256187
boss,10,0.2,5000,50,0.0,0.0,0.0,0.0,0.0,0.0,0.0,0.0,0.14702042272780091,0.04720213261254913
boss,10,0.2,10000,50,0.02,0.1414213562373095,0.0,0.0592,0.02,0.1414213562373095,0.0,0.0592,0.14187589448411017,0.0458869859783895
boss,10,0.5,20,50,15.16,2.816569051965493,14.379286890080614,15.940713109919386,3.8,2.871393034605968,3.0040904574010936,4.595909542598906,0.06490429718513041,0.021283442036813205
boss,10,0.5,50,50,10.48,4.026645943092142,9.36387068849528,11.59612931150472,3.4,2.7774602993176543,2.6301272832474187,4.169872716752581,0.08137429860420525,0.020990876823690812
boss,10,0.5,100,50,6.96,3.752332607858744,5.919906465744546,8.000093534255454,2.26,1.9463204426060272,1.7205074977351398,2.79949250226486,0.09401482108980418,0.021673869987424522
boss,10,0.5,500,50,2.12,2.2373453657659303,1.4998395046441608,2.7401604953558394,1.12,1.8913336186783274,0.5957490677166135,1.6442509322833867,0.10380904172081501,0.027864892859606943
boss,10,0.5,1000,50,0.76,1.4646863563401484,0.35400965528722234,1.1659903447127777,0.46,1.2157134463653307,0.12302142501339935,0.7969785749866007,0.10133441167883575,0.028745909427112908
boss,10,0.5,5000,50,0.26,0.6942915931555924,0.0675521888926767,0.45244781110732335,0.14,0.45220547975269754,0.01465503600064344,0.2653449639993566,0.10782588155474514,0.028902533679282274
boss,10,0.5,10000,50,0.12,0.5938459911664721,0.0,0.2846057107150295,0.1,0.4629100498862757,0.0,0.2283121194587635,0.10568896488286555,0.03176252359272048
boss,10,0.8,20,50,24.62,2.912954878203399,23.812570102114123,25.42742989788588,9.92,5.122340026485823,8.50015978363761,11.33984021636239,0.06446972245816142,0.01713645278878188
boss,10,0.8,50,50,20.84,3.4068358651753243,19.895673276879236,21.784326723120763,8.9,4.9948953534420255,7.515485644711475,10.284514355288525,0.08618498102761805,0.013860287889573625
boss,10,0.8,100,50,18.96,2.9620731846158708,18.138955202196616,19.781044797803386,11.62,6.150792217101728,9.915087380538228,13.32491261946177,0.10245604014024139,0.01854520055105751
boss,10,0.8,500,50,12.0,3.3806170189140663,11.062940770281836,12.937059229718164,7.58,5.2453672465348316,6.126058378063274,9.033941621936727,0.09483594198245555,0.020644713504506914
boss,10,0.8,1000,50,10.26,3.837569383804051,9.196280036851803,11.323719963148196,7.08,4.588539405687938,5.808121766834576,8.351878233165424,0.0897775086807087,0.014618484285052379
boss,10,0.8,5000,50,3.54,2.901160921747974,2.7358392200560884,4.344160779943912,2.7,3.265465557332132,1.7948591269863017,3.6051408730136987,0.07367794998455793,0.009170551492337893
boss,10,0.8,10000,50,2.42,2.665654569841015,1.6811182503268876,3.158881749673112,1.88,2.4548161741726395,1.199559671977035,2.560440328022965,0.07225070879328996,0.006399607846175761
ges,4,0.2,20,50,0.5,0.614451804788759,0.32968264915164985,0.6703173508483502,0.08,0.27404751561786966,0.004037904188997007,0.155962095811003,0.01915869092568755,0.017392504634940412
ges,4,0.2,50,50,0.5,0.614451804788759,0.32968264915164985,0.6703173508483502,0.04,0.19794866372215741,0.0,0.09486857023834319,0.01626810145098716,0.00447108644577479
ges,4,0.2,100,50,0.24,0.5174505793221381,0.09657001708150417,0.38342998291849584,0.06,0.23989793748209523,0.0,0.12649631568741232,0.01786102741956711,0.0039002400667900263
ges,4,0.2,500,50,0.08,0.27404751561786966,0.004037904188997007,0.155962095811003,0.02,0.14142135623730948,0.0,0.05919999999999999,0.01748050395399332,0.0039834083315070205
ges,4,0.2,1000,50,0.08,0.27404751561786966,0.004037904188997007,0.155962095811003,0.04,0.19794866372215741,0.0,0.09486857023834319,0.016690236059948804,0.0038711810919395463
ges,4,0.2,5000,50,0.02,0.1414213562373095,0.0,0.0592,0.0,0.0,0.0,0.0,0.017074652127921582,0.0037802275694767745
ges,4,0.2,10000,50,0.02,0.14142135623730948,0.0,0.05919999999999999,0.0,0.0,0.0,0.0,0.01851925963535905,0.0035752144264394547
ges,4,0.5,20,50,0.78,0.9749934589000888,0.5097456013308942,1.050254398669106,0.32,0.6207303137828695,0.1479423352477432,0.4920576647522568,0.014474801504984498,0.004093544473491843
ges,4,0.5,50,50,0.4,0.8081220356417685,0.17600000000000005,0.624,0.28,0.7010196655077312,0.08568726238354835,0.4743127376164517,0.015993042001500726,0.004755153251774136
ges,4,0.5,100,50,0.2,0.45175395145262565,0.07478019326001178,0.32521980673998824,0.0,0.0,0.0,0.0,0.014331573294475675,0.004561639054344982
ges,4,0.5,500,50,0.06,0.23989793748209523,0.0,0.12649631568741232,0.08,0.39589732744431483,0.0,0.18973714047668638,0.015425615734420717,0.004431536888158683
ges,4,0.5,1000,50,0.0,0.0,0.0,0.0,0.0,0.0,0.0,0.0,0.016169665404595433,0.004860666865831117
ges,4,0.5,5000,50,0.02,0.1414213562373095,0.0,0.0592,0.0,0.0,0.0,0.0,0.014920403161086141,0.004686816190570628
ges,4,0.5,10000,50,0.02,0.1414213562373095,0.0,0.0592,0.0,0.0,0.0,0.0,0.016074617817066608,0.005293468950620154
ges,4,0.8,20,50,1.38,1.1228607778930622,1.0687588716123781,1.6912411283876216,0.76,1.0606120681868907,0.4660133336356902,1.0539866663643098,0.013055534372106194,0.0029471673967437118
ges,4,0.8,50,50,0.94,1.057721849166444,0.6468144614753313,1.2331855385246686,0.56,1.0720950308167838,0.2628304187841563,0.8571695812158437,0.012843171036802232,0.0035547518964830498
ges,4,0.8,100,50,0.6,0.8329931278350429,0.369106084965411,0.830893915034589,0.4,0.8081220356417685,0.17600000000000005,0.624,0.013865821338258684,0.003249338000518122
ges,4,0.8,500,50,0.32,0.740656079818041,0.11470060886597841,0.5252993911340216,0.3,0.7889543583705185,0.0813130090746137,0.5186869909253863,0.012443989370949567,0.003983018054590672
ges,4,0.8,1000,50,0.28,0.6401530429259451,0.1025586294011456,0.4574413705988545,0.28,0.8091315576289312,0.05572017478159125,0.5042798252184089,0.01331406919285655,0.003937340039623415
ges,4,0.8,5000,50,0.24,0.6246631745450127,0.06685220186210858,0.4131477981378914,0.26,0.943506270054764,0.0,0.5215265952059178,0.013508676434867084,0.0034579743606561204
ges,4,0.8,10000,50,0.04,0.19794866372215741,0.0,0.09486857023834319,0.04,0.19794866372215741,0.0,0.09486857023834319,0.014563441020436585,0.002888169279313271
ges,6,0.2,20,50,2.08,1.192493528840526,1.749457657780429,2.410542342219571,0.5,1.0546302185881,0.20767141775050463,0.7923285822494954,0.03382759123109281,0.011062228253354435
ges,6,0.2,50,50,1.0,0.7824607964359516,0.7831129326123847,1.2168870673876153,0.44,1.0528871870107588,0.1481545614541835,0.7318454385458165,0.030670544714666903,0.010276368265522072
ges,6,0.2,100,50,0.58,0.7024737630368142,0.3852842071120064,0.7747157928879935,0.28,0.6712765785411846,0.09393162547063516,0.4660683745293649,0.030721732978709042,0.011834655463336237
ges,6,0.2,500,50,0.08,0.27404751561786966,0.004037904188997007,0.155962095811003,0.02,0.14142135623730948,0.0,0.05919999999999999,0.03137603783980012,0.013619921641411629
ges,6,0.2,1000,50,0.2,0.4948716593053935,0.06282857440414205,0.337171425595858,0.1,0.4629100498862757,0.0,0.2283121194587635,0.027504809936508536,0.009485471671686972
ges,6,0.2,5000,50,0.08,0.27404751561786966,0.004037904188997007,0.155962095811003,0.08,0.44446711960297264,0.0,0.20319999999999996,0.030257013300433754,0.011229854558366338
ges,6,0.2,10000,50,0.02,0.1414213562373095,0.0,0.0592,0.0,0.0,0.0,0.0,0.030987676163204015,0.010673763097491327
ges,6,0.5,20,50,3.7,2.261027398763488,3.0732751800032174,4.326724819996783,1.82,1.7807359175810613,1.3264051864129853,2.313594813587015,0.03033112998586148,0.008752595939750678
ges,6,0.5,50,50,2.48,1.6932037017176063,2.010667878789444,2.949332121210556,1.98,1.9004832897697042,1.4532129082826726,2.506787091717327,0.02926635862328112,0.007041573950047506
ges,6,0.5,100,50,1.62,1.3981036719610676,1.2324654337997707,2.0075345662002295,1.76,1.8796439089598318,1.2389892899373374,2.2810107100626626,0.03145609333645552,0.008017511186759706
ges,6,0.5,500,50,0.76,1.170382808472231,0.4355864367816907,1.0844135632183094,0.7,1.2817398889233114,0.3447198288674135,1.0552801711325865,0.0334141290653497,0.00773297730690671
ges,6,0.5,1000,50,1.02,1.3922526160646191,0.6340872637499508,1.4059127362500492,1.02,1.8570329637815879,0.5052567241818501,1.5347432758181498,0.033838909906335174,0.008371280252758755
ges,6,0.5,5000,50,0.48,1.014989695333235,0.19865921020939747,0.7613407897906025,0.5,1.1823532398033463,0.17226840249985054,0.8277315975001495,0.03715648470446467,0.009412095883141207
ges,6,0.5,10000,50,0.32,0.7406560798180412,0.11470060886597838,0.5252993911340216,0.44,1.2642655365621478,0.08956347222357086,0.7904365277764291,0.03455684744752943,0.007693038279620305
ges,6,0.8,20,50,5.66,1.5857786344729898,5.220444588248535,6.099555411751465,3.9,2.8731693373026808,3.1035980914136383,4.6964019085863615,0.03045915828086436,0.006326660632847893
ges,6,0.8,50,50,4.84,1.6207833832780383,4.390741766909052,5.289258233090948,5.12,2.504200552704049,4.4258710206308916,5.814128979369109,0.03090765110217035,0.005721597439367287
ges,6,0.8,100,50,4.24,1.8357003890524586,3.7311698122162955,4.748830187783705,4.86,2.8428930363850364,4.071990253867378,5.648009746132622,0.034516364401206374,0.006097295781634037
ges,6,0.8,500,50,3.14,1.5119928733230166,2.7208969577776845,3.5591030422223158,4.54,2.936122668849279,3.7261483181807633,5.353851681819236,0.03783938122913241,0.009282657164735404
ges,6,0.8,1000,50,2.9,1.9086270308410553,2.3709555784246468,3.429044421575353,4.68,2.8098950521472563,3.9011368284480255,5.4588631715519735,0.03980390073731541,0.007839366354333148
ges,6,0.8,5000,50,2.02,1.4068346290411633,1.6300453359683975,2.4099546640316025,3.1,3.0722590239437957,2.248413245758249,3.951586754241751,0.0437382594961673,0.007354196532710955
ges,6,0.8,10000,50,1.26,1.4957081457098698,0.845410853977097,1.674589146022903,1.94,2.3422473073908296,1.2907621699253808,2.589237830074619,0.04772693669889122,0.0069634941229952075
ges,8,0.2,20,50,3.68,1.99427752761316,3.127214471969463,4.232785528030537,1.6,1.8844151368961317,1.0776667730270264,2.122333226972974,0.07043906860984862,0.026987763626634388
ges,8,0.2,50,50,2.08,1.6142225019229182,1.632560350438185,2.527439649561815,0.64,1.289834667462367,0.28247607073092296,0.9975239292690771,0.0650902393553406,0.02540010610719092
ges,8,0.2,100,50,1.34,1.287459133490521,0.9831345351536522,1.696865464846348,0.62,1.0669429914193052,0.324258491246156,0.915741508753844,0.06786089454311878,0.024819280381108533
ges,8,0.2,500,50,0.38,0.5303060340934452,0.23300666681784515,0.5269933331821548,0.1,0.30304576336566325,0.016000000000000014,0.184,0.0697409133752808,0.03020106891726009
ges,8,0.2,1000,50,0.44,0.8121525944886798,0.21488278608689204,0.665117213913108,0.16,0.6502746672423453,0.0,0.3402469417216281,0.0743801094731316,0.028643709447286395
ges,8,0.2,5000,50,0.22,0.464670170494017,0.0912,0.3488,0.18,0.6288960200872897,0.0056789169377381155,0.35432108306226184,0.0774104336462915,0.02529626603740554
ges,8,0.2,10000,50,0.14,0.49528388066742046,0.0027143124721298872,0.27728568752787014,0.1,0.5802884574739972,0.0,0.2608477541030648,0.07667370459996165,0.026031190080309196
ges,8,0.5,20,50,8.58,2.458554411827887,7.898523485364316,9.261476514635683,6.78,4.072255555109779,5.651228349044857,7.908771650955144,0.05651996785309166,0.011148972097491988
ges,8,0.5,50,50,8.06,2.7804712564893137,7.289292688499714,8.830707311500287,6.14,3.880931931000752,5.064260551992258,7.215739448007741,0.06332226599100978,0.016528201787044117
ges,8,0.5,100,50,6.76,3.341513771588303,5.833779637451216,7.6862203625487835,6.94,4.970976990984565,5.5621154765365866,8.317884523463414,0.07179180086590349,0.013494484824236078
ges,8,0.5,500,50,5.76,3.5831806643636304,4.766792992372688,6.753207007627312,6.04,4.5218742727740135,4.786600398915015,7.293399601084985,0.09042013759724796,0.01773602199715384
ges,8,0.5,1000,50,5.24,4.182373117974912,4.080705317876426,6.399294682123575,5.64,4.754203295988912,4.322202079224588,6.957797920775412,0.09110187398269773,0.020335493076629355
ges,8,0.5,5000,50,3.22,3.6493779173543355,2.2084440499903133,4.231555950009687,2.94,3.610698389112951,1.9391654682216446,3.9408345317783553,0.10085906283464283,0.02084306876688574
ges,8,0.5,10000,50,1.42,2.9073446753394223,0.61412517100979,2.22587482899021,1.4,3.2387954425013237,0.5022517056546417,2.297748294345358,0.11679573952686041,0.03459612592467163
ges,8,0.8,20,50,12.18,2.561010642344948,11.470124067177933,12.889875932822067,10.86,4.370634848576558,9.64852182850866,12.07147817149134,0.07052837598603219,0.011548207172967785
ges,8,0.8,50,50,9.86,2.285803569684778,9.226407575802867,10.493592424197132,10.92,5.0379782145019165,9.523543684893795,12.316456315106205,0.07907800609245896,0.013969656070447353
ges,8,0.8,100,50,8.84,2.7947472595742817,8.065335582332581,9.614664417667418,10.62,4.242111526596352,9.444146675813688,11.79585332418631,0.09044212799519301,0.015635733235149208
ges,8,0.8,500,50,7.58,2.726214389581125,6.824331924718266,8.335668075281735,11.28,4.989949081577356,9.896856681323298,12.6631433186767,0.1089684466458857,0.018554838575047215
ges,8,0.8,1000,50,6.24,2.7520678681712063,5.4771657060671695,7.002834293932831,10.76,4.245333572625023,9.58325357021999,11.93674642978001,0.10482632437720894,0.016558177322399222
ges,8,0.8,5000,50,4.8,2.0503857277724746,4.231662072354836,5.368337927645164,7.58,4.380336395617979,6.365832696865873,8.794167303134127,0.11513690204825253,0.019208827661164524
ges,8,0.8,10000,50,4.6,2.710523708715754,3.84868115956007,5.351318840439929,8.14,5.436122567734153,6.63318370064563,9.64681629935437,0.12413435247261077,0.02573171594528843
ges,10,0.2,20,50,7.02,3.171878989893942,6.1408,7.8991999999999996,3.66,3.508648207628966,2.687452335358313,4.632547664641687,0.11474616223946214,0.041757452533761626
ges,10,0.2,50,50,3.92,2.293202021236699,3.2843568296599104,4.5556431703400895,2.06,2.3071318000619607,1.4204956919613443,2.699504308038656,0.12553120270371437,0.033880226907468294
ges,10,0.2,100,50,2.74,2.4562290659646946,2.059168038353075,3.4208319616469254,1.3,1.7641555764612098,0.8110010224959566,1.7889989775040434,0.12500173287000507,0.04325169317170058
ges,10,0.2,500,50,1.28,1.6040764397277942,0.8353726953953458,1.7246273046046543,1.22,2.8015301941209607,0.4434554487989759,1.996544551201024,0.14350768706295638,0.05603375623097422
ges,10,0.2,1000,50,1.0,1.261680123761121,0.6502801120896897,1.3497198879103103,1.2,2.4159335036125373,0.5303373983863218,1.8696626016136781,0.1531644397601485,0.04631084320493502
ges,10,0.2,5000,50,0.34,0.7982122882685139,0.11874684183044984,0.5612531581695502,0.24,1.2047524938461722,0.0,0.5739403539556128,0.15039509117603303,0.04419976723314932
ges,10,0.2,10000,50,0.2,0.5345224838248487,0.05183792658038297,0.348162073419617,0.2,0.8081220356417685,0.0,0.424,0.1528068797616288,0.04844152139104229
ges,10,0.5,20,50,16.94,3.4131199444353024,15.993931418976405,17.886068581023597,12.36,5.96848868163936,10.70561934247284,14.014380657527159,0.12567860576789827,0.02073672292652269
ges,10,0.5,50,50,13.66,3.8630114085849065,12.589227867377938,14.730772132622063,11.26,6.67865928131675,9.40877009531501,13.11122990468499,0.14614539624191822,0.02425918157712677
ges,10,0.5,100,50,13.68,4.39591647243815,12.46151411990126,14.89848588009874,12.86,5.757018786327039,11.264235806893762,14.455764193106237,0.14852720614522696,0.026027825439387215
ges,10,0.5,500,50,11.3,5.53744212666123,9.765099351749438,12.834900648250564,10.3,6.786090215150641,8.418991759720337,12.181008240279665,0.18650515370536597,0.03686761348892163
ges,10,0.5,1000,50,12.52,5.24205910625485,11.066975347765908,13.973024652234091,12.76,7.4191148600168235,10.703526280255446,14.816473719744554,0.2011598524218425,0.04261166574934791
ges,10,0.5,5000,50,9.66,5.501799334614754,8.13497902965238,11.18502097034762,8.76,6.551398043664467,6.944045110692449,10.57595488930755,0.2451008278504014,0.06290742896765707
ges,10,0.5,10000,50,8.82,6.666057795324928,6.972263049024565,10.667736950975435,8.18,7.266613617730598,6.165797467978952,10.194202532021048,0.2503002244280651,0.07693880562173139
ges,10,0.8,20,50,20.4,2.7255405754769875,19.644518696459006,21.15548130354099,19.86,6.854195795277517,17.960113856042945,21.759886143957054,0.1313056043908,0.023006305085081096
ges,10,0.8,50,50,17.84,3.2972468416383203,16.926049804420394,18.753950195579606,16.46,5.711463588829979,14.876863063408601,18.0431369365914,0.156883899490349,0.0265524964933899
ges,10,0.8,100,50,15.94,3.053335412767019,15.093658603163002,16.786341396836995,18.74,6.25906689270429,17.005075171657282,20.474924828342715,0.17957228880375622,0.031187887838310127
ges,10,0.8,500,50,12.24,2.5837798604654654,11.523812761912083,12.956187238087917,18.04,6.433204679549656,16.256806639761127,19.82319336023887,0.259612225452438,0.08076645467097818
ges,10,0.8,1000,50,12.38,2.5224704443971473,11.68080686502226,13.079193134977741,19.2,6.356741560367712,17.438001135074146,20.961998864925853,0.2870748683530837,0.1677143018775385
ges,10,0.8,5000,50,10.44,2.673833905668421,9.698851054105855,11.181148945894144,18.08,6.477086772710744,16.284643144107555,19.87535685589244,0.42338561904616656,0.3526851036445499
ges,10,0.8,10000,50,9.58,2.657987576943066,8.843243432333312,10.316756567666689,17.5,6.014438410005967,15.83288272758033,19.16711727241967,0.49731048258021476,0.635201159451278
pc,4,0.2,20,50,0.18,0.3880879344916036,0.07242751281112814,0.28757248718887185,0.0,0.0,0.0,0.0,0.03222266458906233,0.10337176329572711
pc,4,0.2,50,50,0.22,0.41845195759648035,0.1040110350076353,0.3359889649923647,0.08,0.27404751561786966,0.004037904188997007,0.155962095811003,0.016327834934927524,0.0041419992840362185
pc,4,0.2,100,50,0.04,0.19794866372215741,0.0,0.09486857023834319,0.0,0.0,0.0,0.0,0.018950263340957462,0.006986110778423409
pc,4,0.2,500,50,0.08,0.27404751561786966,0.004037904188997007,0.155962095811003,0.0,0.0,0.0,0.0,0.019303940259851514,0.0038707648933802683
pc,4,0.2,1000,50,0.18,0.3880879344916036,0.07242751281112814,0.28757248718887185,0.0,0.0,0.0,0.0,0.020717283287085594,0.0036681438880663566
pc,4,0.2,5000,50,0.08,0.3404678653660853,0.0,0.1743728774595752,0.02,0.1414213562373095,0.0,0.0592,0.04126496043521911,0.008444126571210814
pc,4,0.2,10000,50,0.08,0.27404751561786966,0.004037904188997007,0.155962095811003,0.02,0.14142135623730948,0.0,0.05919999999999999,0.06439912569709122,0.0034028393753962527
pc,4,0.5,20,50,1.12,0.6272713828600042,0.9461292434018879,1.2938707565981122,0.16,0.5841442371503106,0.0,0.32191652170177076,0.014355921633541584,0.004282562919959913
pc,4,0.5,50,50,0.52,0.6141195788629907,0.34977473748000865,0.6902252625199914,0.74,1.046081122229875,0.45004110636160854,1.0299588936383914,0.013679967820644378,0.004889498851058683
pc,4,0.5,100,50,0.28,0.5728553615932406,0.1212125949579124,0.4387874050420877,0.98,1.332329554133033,0.6106970890989349,1.349302910901065,0.01251442929264158,0.004100163689488085
pc,4,0.5,500,50,0.06,0.23989793748209523,0.0,0.12649631568741232,1.08,1.2751950631097941,0.7265339620274673,1.4334660379725328,0.01408792711328715,0.004541732954437581
pc,4,0.5,1000,50,0.04,0.19794866372215744,0.0,0.09486857023834319,1.04,1.3241863115721677,0.6729542807769038,1.4070457192230963,0.01725144836585969,0.004984773510343626
pc,4,0.5,5000,50,0.08,0.2740475156178697,0.0040379041889969935,0.155962095811003,1.26,1.536096298001754,0.8342158293219439,1.685784170678056,0.03541665404569358,0.004805967800314859
pc,4,0.5,10000,50,0.04,0.19794866372215741,0.0,0.09486857023834319,1.26,1.411469056677894,0.8687607381665281,1.651239261833472,0.06028710527811199,0.005491912574120253
pc,4,0.8,20,50,2.08,0.7782764841072135,1.864272764816308,2.2957272351836924,0.24,0.6565214453186318,0.05802153973615451,0.42197846026384545,0.011550977262668311,0.0026484679449392343
pc,4,0.8,50,50,1.02,0.7951382885757569,0.7995989110734705,1.2404010889265296,0.88,1.2394863979133635,0.5364318990360135,1.2235681009639865,0.011187888816930353,0.00284994427917884
pc,4,0.8,100,50,0.78,0.8640200300021394,0.5405058664601574,1.0194941335398426,1.18,1.380476108346061,0.7973515451488141,1.5626484548511859,0.010915705682709814,0.002631498978753043
pc,4,0.8,500,50,0.32,0.6207303137828695,0.1479423352477432,0.4920576647522568,2.22,1.887553215900718,1.696796941904962,2.7432030580950384,0.011696051037870348,0.0037896844347559177
pc,4,0.8,1000,50,0.22,0.5454823740581938,0.0688,0.3712,1.48,1.8652569993085104,0.962977137836246,1.997022862163754,0.01468591757118702,0.0034063877081410105
pc,4,0.8,5000,50,0.2,0.4040610178208843,0.08800000000000001,0.312,1.72,1.884848285996645,1.1975467102218609,2.242453289778139,0.03306880163494497,0.0031273650323171386
pc,4,0.8,10000,50,0.08,0.27404751561786966,0.004037904188997007,0.155962095811003,1.32,1.7430913191622448,0.8368397367332452,1.803160263266755,0.058520953375846146,0.007660976590281566
pc,6,0.2,20,50,1.06,0.7930823361018291,0.8401687920244263,1.2798312079755738,0.52,0.8628382211738,0.28083344715449865,0.7591665528455014,0.02821539472322911,0.012264866643549872
pc,6,0.2,50,50,0.44,0.61145527311522,0.27051324535527854,0.6094867546447215,0.88,0.9822921964383478,0.6077224945023919,1.152277505497608,0.023598543321713805,0.009047054957273372
pc,6,0.2,100,50,0.28,0.4535573676110727,0.1542803118043956,0.40571968819560444,0.7,0.9948848769417228,0.42423198154970904,0.9757680184502908,0.028367963396012785,0.010274011869170496
pc,6,0.2,500,50,0.08,0.27404751561786966,0.004037904188997007,0.155962095811003,1.2,1.355261854357877,0.8243405797800353,1.5756594202199645,0.030263282894156873,0.0124792162003838
pc,6,0.2,1000,50,0.16,0.3703280399090206,0.05735030443298919,0.2626496955670108,1.54,1.2157134463653307,1.2030214250133993,1.8769785749866008,0.029357523336075247,0.008703472355985249
pc,6,0.2,5000,50,0.18,0.43752550946038726,0.05872411616483679,0.3012758838351632,1.02,1.4497008839968417,0.6181634162996107,1.4218365837003892,0.06158827015664428,0.009673898396389682
pc,6,0.2,10000,50,0.2,0.45175395145262565,0.07478019326001178,0.32521980673998824,1.0,1.3401187885209798,0.6285380234801953,1.3714619765198046,0.0963724737567827,0.008973100662505496
pc,6,0.5,20,50,4.34,1.287459133490521,3.983134535153652,4.696865464846348,0.44,0.9071147352221454,0.18856062360879117,0.6914393763912088,0.024054356645792724,0.008554737868375843
pc,6,0.5,50,50,2.98,1.2204047505242026,2.6417210618439273,3.3182789381560727,1.44,1.5274361605284184,1.016616296959838,1.8633837030401619,0.020170096969231964,0.00623035372240549
pc,6,0.5,100,50,2.26,1.006306643734647,1.981066029318765,2.5389339706812346,2.74,2.0879635621185284,2.1612460280913837,3.3187539719086168,0.01999263484496623,0.006278455681729182
pc,6,0.5,500,50,1.24,0.9595917499283808,0.9740147372503507,1.5059852627496493,4.32,2.5025701074809357,3.62632295698935,5.0136770430106505,0.020582171590067446,0.006059516728130966
pc,6,0.5,1000,50,1.2,1.0301575072754254,0.9144549072388041,1.4855450927611957,3.74,2.1267009998721362,3.1505085581622074,4.329491441837793,0.02458122623153031,0.0047766908106435324
pc,6,0.5,5000,50,0.62,0.7253429871306345,0.41894518160461813,0.8210548183953819,4.62,2.7021533363340478,3.871001308412358,5.368998691587643,0.054802483688108625,0.006968142411865158
pc,6,0.5,10000,50,0.5,0.7354021529276429,0.2961569231001455,0.7038430768998545,4.8,2.6878411031752543,4.0549684570435955,5.545031542956404,0.08881523712538182,0.005177551717559412
pc,6,0.8,20,50,8.88,1.154229135812809,8.560064006401282,9.19993599359872,0.72,1.3708332041023037,0.3400244218374028,1.099975578162597,0.014130078474991023,0.004050503280135368
pc,6,0.8,50,50,7.52,1.1471348514219846,7.202030441708644,7.8379695582913556,1.88,2.1536869194334574,1.2830284428886078,2.476971557111392,0.014796463069505989,0.00472293824442892
pc,6,0.8,100,50,6.54,1.1642638034748107,6.217282538433384,6.862717461566616,3.06,2.7136089381832,2.3078259775823153,3.8121740224176848,0.015038873339071869,0.004796849539378261
pc,6,0.8,500,50,5.14,1.01035455486211,4.85994400559888,5.420055994401119,4.3,2.6127630225959835,3.5757790392428563,5.024220960757144,0.016036598649807273,0.004365972882490621
pc,6,0.8,1000,50,4.16,1.3903457212110217,3.7746158280364903,4.5453841719635095,6.3,3.098715994783409,5.441079747590034,7.158920252409966,0.01804959219880402,0.004682308482677746
pc,6,0.8,5000,50,2.28,1.355864059166248,1.9041736571233994,2.6558263428766002,7.28,2.8359211871262993,6.4939227518875775,8.066077248112423,0.04761997621972114,0.006625683111513482
pc,6,0.8,10000,50,1.94,1.503872552133732,1.5231477959756,2.3568522040244,7.72,2.8929188705936317,6.91812380007884,8.52187619992116,0.08087476827669889,0.005330647547106474
pc,8,0.2,20,50,2.26,1.1394592344348153,1.9441580141906396,2.57584198580936,0.34,0.798212288268514,0.11874684183044981,0.5612531581695502,0.06010472918394953,0.025656329139849037
pc,8,0.2,50,50,1.24,0.9160696881075084,0.9860784373078961,1.4939215626921039,1.28,1.6040764397277942,0.8353726953953458,1.7246273046046543,0.053037778581492605,0.023416828220188788
pc,8,0.2,100,50,0.94,0.8429781995389675,0.7063383642957193,1.1736616357042806,1.44,1.6679450879230202,0.9776692093316732,1.9023307906683267,0.05497943659313023,0.02338820977874718
pc,8,0.2,500,50,0.3,0.5050762722761054,0.15999999999999998,0.44,2.36,1.8818141485800128,1.838387730205663,2.8816122697943367,0.055138096008449794,0.021153827928351618
pc,8,0.2,1000,50,0.46,0.8381222939355789,0.22768435265785475,0.6923156473421452,2.34,1.6976574496424568,1.8694333628485758,2.8105666371514237,0.06396687933243811,0.02639763423233661
pc,8,0.2,5000,50,0.34,0.5928141120356123,0.17568031158744246,0.5043196884125576,2.52,1.4319958955590477,2.1230709887146064,2.9169290112853936,0.10364037472289056,0.024797122881477257
pc,8,0.2,10000,50,0.4,0.6700593942604901,0.2142690117400976,0.5857309882599024,2.36,2.0178792666296657,1.8006724036845667,2.919327596315433,0.15452284179162235,0.025393165133848303
pc,8,0.5,20,50,10.46,1.6928420734712042,9.990768117025283,10.929231882974719,0.82,1.5477435847328305,0.39098736615339635,1.2490126338466037,0.02979002520442009,0.01440632558214189
pc,8,0.5,50,50,9.1,1.6933242273042426,8.630634470801274,9.569365529198725,2.52,2.682064389188877,1.776569680467631,3.263430319532369,0.027351950155571104,0.012136950172326896
pc,8,0.5,100,50,8.24,1.5193983771780948,7.818844256836026,8.661155743163976,4.32,3.1457129881922845,3.4480528456379944,5.191947154362007,0.0310982422856614,0.011442922565639996
pc,8,0.5,500,50,6.28,1.9487306177119923,5.73983943127992,6.82016056872008,7.8,4.444671196029727,6.568,9.032,0.035545705929398534,0.011915023775027756
pc,8,0.5,1000,50,5.84,1.788397983374723,5.344281370130192,6.335718629869808,8.38,4.6242042889693415,7.098235965553722,9.661764034446279,0.04036482526920736,0.013023149277675127
pc,8,0.5,5000,50,3.58,2.1004372722587736,2.997788492040908,4.162211507959093,11.18,3.745418970596764,10.141822828222466,12.218177171777533,0.07809069143608212,0.008523544574124143
pc,8,0.5,10000,50,3.98,2.2900851066976458,3.3452207942914325,4.614779205708568,13.28,4.27637076722488,12.094650498797927,14.465349501202072,0.13041012451983988,0.00902454884118196
pc,8,0.8,20,50,18.26,1.4541987063503463,17.856916683550413,18.66308331644959,0.62,1.3384425917567668,0.24900264151883783,0.9909973584811622,0.018117722845636307,0.006882957599907658
pc,8,0.8,50,50,16.6,1.6536909861128892,16.141620244775144,17.05837975522486,3.22,3.2406222632484063,2.3217453367780383,4.118254663221962,0.021386981746181845,0.007062444902455505
pc,8,0.8,100,50,15.98,1.83492200801838,15.471385568431254,16.48861443156875,3.44,3.4885234581936446,2.473030631302108,4.406969368697892,0.023026148388162256,0.007334704848021855
pc,8,0.8,500,50,13.4,1.8952141659173711,12.874673434899776,13.925326565100224,7.66,4.226302480071821,6.488528719942312,8.83147128005769,0.02584351903758943,0.006204292296116988
pc,8,0.8,1000,50,12.46,2.4843181629360354,11.771382137902306,13.148617862097696,9.02,4.808538324306726,7.687141177768628,10.352858822231372,0.03036267572082579,0.006872605794115678
pc,8,0.8,5000,50,10.36,2.38840737645787,9.697967251565302,11.022032748434697,11.68,3.7712121150004982,10.634673333354591,12.725326666645408,0.06915046520531178,0.009739286916425248
pc,8,0.8,10000,50,8.84,2.427394672886794,8.167160524344773,9.512839475655227,12.4,3.636549160387958,11.392000000000001,13.408,0.1130422928975895,0.00696173530354089
pc,10,0.2,20,50,5.32,1.4061091199273466,4.930246436834762,5.709753563165239,0.5,0.9741558354989898,0.22997777869219727,0.7700222213078027,0.10375775621272623,0.03832980862912942
pc,10,0.2,50,50,3.56,1.5799767500226845,3.1220527885692158,3.9979472114307844,2.2,1.9897697538834458,1.6484639630994185,2.751536036900582,0.10049205912277102,0.03539773994744505
pc,10,0.2,100,50,2.64,1.5486663123277318,2.210731599113096,3.0692684008869042,3.5,3.5699997141713715,2.5104465653639516,4.489553434636048,0.09429941496346146,0.03500763341767811
pc,10,0.2,500,50,1.02,0.9145089013302412,0.7665110653302595,1.2734889346697407,5.62,2.820406686552672,4.838223152044012,6.401776847955988,0.11900999257806688,0.04371413899239708
pc,10,0.2,1000,50,0.64,0.8270922757788645,0.4107417177068624,0.8692582822931376,5.82,3.485772833231959,4.853793065642769,6.7862069343572315,0.11619173241779208,0.049265486282437036
pc,10,0.2,5000,50,0.4,0.6388765649999399,0.22291245103057078,0.5770875489694293,7.38,4.341964193913221,6.1764689285273935,8.583531071472606,0.1716624770592898,0.04657363605683312
pc,10,0.2,10000,50,0.54,0.9940640146922745,0.2644595129568071,0.815540487043193,7.3,3.7156590867542723,6.270071847166027,8.329928152833972,0.2356705588940531,0.03511315321841451
pc,10,0.5,20,50,18.0,2.0203050891044216,17.44,18.56,1.34,2.378560703536524,0.6806966100496677,1.9993033899503323,0.05297364129684865,0.03384336231497273
pc,10,0.5,50,50,16.02,2.084833473504514,15.44211364439018,16.59788635560982,3.78,4.224756966805479,2.6089571143634402,4.951042885636559,0.05126768766436726,0.03281644631547338
pc,10,0.5,100,50,15.26,2.388834571971215,14.597848839010306,15.922151160989694,5.58,4.844900538142119,4.237062086319699,6.922937913680301,0.04700870467815548,0.023326784520851872
pc,10,0.5,500,50,13.6,2.8926366759023696,12.798202020456523,14.401797979543476,10.28,5.3758340596352765,8.78989482250413,11.77010517749587,0.051586747532710434,0.02871209062647673
pc,10,0.5,1000,50,12.5,2.620562332549163,11.77361718081992,13.22638281918008,12.08,5.896522669492311,10.44556730331286,13.71443269668714,0.051522790170274675,0.017567055086361482
pc,10,0.5,5000,50,11.32,2.8886830556359704,10.519297908083162,12.120702091916838,17.08,5.724419585585664,15.493271844328712,18.666728155671283,0.09828572295606136,0.02095480278383645
pc,10,0.5,10000,50,10.6,3.2071349029490928,9.711027559482297,11.488972440517703,18.12,4.914119598521329,16.75787554166295,19.48212445833705,0.15870685528032483,0.023331471258463802
pc,10,0.8,20,50,31.6,1.9378085666072196,31.062866869388976,32.137133130611026,1.32,2.0547605252988803,0.750449440347918,1.889550559652082,0.02208485291339457,0.009512050104175449
pc,10,0.8,50,50,29.98,1.8237660071894068,29.474477854095394,30.485522145904607,3.44,4.314947915120654,2.2439574589505606,4.63604254104944,0.029289608704857528,0.013357608387246976
pc,10,0.8,100,50,28.94,2.0643722176635744,28.367785215150814,29.51221478484919,6.22,5.203177992774204,4.77775264257479,7.662247357425209,0.031379037606529894,0.01306340435258074
pc,10,0.8,500,50,26.28,2.4498229840258303,25.60094371367316,26.95905628632684,11.5,6.937770035193188,9.576948258626409,13.423051741373591,0.03218146468047053,0.00960986208461044
pc,10,0.8,1000,50,25.48,2.0428071921965114,24.91376273524255,26.04623726475745,12.34,6.258414743530571,10.605255938185692,14.074744061814307,0.043865504409186545,0.010314739850921626
pc,10,0.8,5000,50,23.08,2.995506839332836,22.24968786592029,23.910312134079707,17.46,5.942616753379863,15.812790675111389,19.107209324888615,0.08903291034977884,0.009617328038792105
pc,10,0.8,10000,50,21.12,2.4960376763247494,20.428133654525674,21.81186634547433,18.76,5.888626186755866,17.127756096657123,20.39224390334288,0.14426092837471516,0.011714816220084901
